COCO_val2014_000000143572.bin, 2, 1
COCO_val2014_000000296848.bin, 2, 1
COCO_val2014_000000252294.bin, 2, 1
COCO_val2014_000000057593.bin, 2, 1
COCO_val2014_000000035429.bin, 2, 1
COCO_val2014_000000306585.bin, 2, 1
COCO_val2014_000000462324.bin, 2, 1
COCO_val2014_000000178516.bin, 2, 1
COCO_val2014_000000259640.bin, 2, 1
COCO_val2014_000000085089.bin, 2, 1
COCO_val2014_000000389197.bin, 2, 1
COCO_val2014_000000529838.bin, 2, 1
COCO_val2014_000000434787.bin, 2, 1
COCO_val2014_000000232241.bin, 2, 1
COCO_val2014_000000256771.bin, 2, 1
COCO_val2014_000000566923.bin, 2, 1
COCO_val2014_000000303607.bin, 2, 1
COCO_val2014_000000115043.bin, 2, 1
COCO_val2014_000000499940.bin, 2, 1
COCO_val2014_000000467477.bin, 2, 1
COCO_val2014_000000558635.bin, 2, 1
COCO_val2014_000000111325.bin, 2, 1
COCO_val2014_000000579073.bin, 2, 1
COCO_val2014_000000086625.bin, 2, 1
COCO_val2014_000000400117.bin, 2, 1
COCO_val2014_000000087681.bin, 2, 1
COCO_val2014_000000344498.bin, 2, 1
COCO_val2014_000000038886.bin, 2, 1
COCO_val2014_000000427476.bin, 2, 1
COCO_val2014_000000051079.bin, 2, 1
COCO_val2014_000000277761.bin, 2, 1
COCO_val2014_000000343413.bin, 2, 1
COCO_val2014_000000210789.bin, 2, 1
COCO_val2014_000000119729.bin, 2, 1
COCO_val2014_000000293425.bin, 2, 1
COCO_val2014_000000027578.bin, 2, 1
COCO_val2014_000000310369.bin, 2, 1
COCO_val2014_000000564163.bin, 2, 1
COCO_val2014_000000067078.bin, 2, 1
COCO_val2014_000000237230.bin, 2, 1
COCO_val2014_000000034818.bin, 2, 1
COCO_val2014_000000264124.bin, 2, 1
COCO_val2014_000000229111.bin, 2, 1
COCO_val2014_000000017436.bin, 2, 1
COCO_val2014_000000042752.bin, 2, 1
COCO_val2014_000000421218.bin, 2, 1
COCO_val2014_000000520910.bin, 2, 1
COCO_val2014_000000241318.bin, 2, 1
COCO_val2014_000000163852.bin, 2, 1
COCO_val2014_000000222118.bin, 2, 1
COCO_val2014_000000155466.bin, 2, 1
COCO_val2014_000000047740.bin, 2, 1
COCO_val2014_000000406147.bin, 2, 1
COCO_val2014_000000024776.bin, 2, 1
COCO_val2014_000000227582.bin, 2, 1
COCO_val2014_000000489739.bin, 2, 1
COCO_val2014_000000311465.bin, 2, 1
COCO_val2014_000000376342.bin, 2, 1
COCO_val2014_000000049985.bin, 2, 1
COCO_val2014_000000145665.bin, 2, 1
COCO_val2014_000000215914.bin, 2, 1
COCO_val2014_000000301541.bin, 2, 1
COCO_val2014_000000156192.bin, 2, 1
COCO_val2014_000000427181.bin, 2, 1
COCO_val2014_000000114183.bin, 2, 1
COCO_val2014_000000534605.bin, 2, 1
COCO_val2014_000000463913.bin, 2, 1
COCO_val2014_000000315810.bin, 2, 1
COCO_val2014_000000333402.bin, 2, 1
COCO_val2014_000000245642.bin, 2, 1
COCO_val2014_000000294209.bin, 2, 1
COCO_val2014_000000018687.bin, 2, 1
COCO_val2014_000000441472.bin, 2, 1
COCO_val2014_000000460333.bin, 2, 1
COCO_val2014_000000312341.bin, 2, 1
COCO_val2014_000000156282.bin, 2, 1
COCO_val2014_000000015140.bin, 2, 1
COCO_val2014_000000183704.bin, 2, 1
COCO_val2014_000000187348.bin, 2, 1
COCO_val2014_000000477288.bin, 2, 1
COCO_val2014_000000573571.bin, 2, 1
COCO_val2014_000000137221.bin, 2, 1
COCO_val2014_000000195275.bin, 2, 1
COCO_val2014_000000456199.bin, 2, 1
COCO_val2014_000000424270.bin, 2, 1
COCO_val2014_000000248582.bin, 2, 1
COCO_val2014_000000042953.bin, 2, 1
COCO_val2014_000000026584.bin, 2, 1
COCO_val2014_000000558840.bin, 2, 1
COCO_val2014_000000098973.bin, 2, 1
COCO_val2014_000000117197.bin, 2, 1
COCO_val2014_000000320872.bin, 2, 1
COCO_val2014_000000554302.bin, 2, 1
COCO_val2014_000000551633.bin, 2, 1
COCO_val2014_000000133470.bin, 2, 1
COCO_val2014_000000423498.bin, 2, 1
COCO_val2014_000000192181.bin, 2, 1
COCO_val2014_000000141040.bin, 2, 1
COCO_val2014_000000228013.bin, 2, 1
COCO_val2014_000000198415.bin, 2, 1
COCO_val2014_000000213455.bin, 2, 1
COCO_val2014_000000050752.bin, 2, 1
COCO_val2014_000000356263.bin, 2, 1
COCO_val2014_000000291962.bin, 2, 1
COCO_val2014_000000442567.bin, 2, 1
COCO_val2014_000000358664.bin, 2, 1
COCO_val2014_000000096420.bin, 2, 1
COCO_val2014_000000367732.bin, 2, 1
COCO_val2014_000000071301.bin, 2, 1
COCO_val2014_000000154971.bin, 2, 1
COCO_val2014_000000091527.bin, 2, 1
COCO_val2014_000000467107.bin, 2, 1
COCO_val2014_000000385669.bin, 2, 1
COCO_val2014_000000522576.bin, 2, 1
COCO_val2014_000000467821.bin, 2, 1
COCO_val2014_000000296176.bin, 2, 1
COCO_val2014_000000447779.bin, 2, 1
COCO_val2014_000000082715.bin, 2, 1
COCO_val2014_000000336300.bin, 2, 1
COCO_val2014_000000064342.bin, 2, 1
COCO_val2014_000000078288.bin, 2, 1
COCO_val2014_000000422274.bin, 2, 1
COCO_val2014_000000025550.bin, 2, 1
COCO_val2014_000000059952.bin, 2, 1
COCO_val2014_000000231628.bin, 2, 1
COCO_val2014_000000467135.bin, 2, 1
COCO_val2014_000000162829.bin, 2, 1
COCO_val2014_000000132328.bin, 2, 1
COCO_val2014_000000087811.bin, 2, 1
COCO_val2014_000000411768.bin, 2, 1
COCO_val2014_000000122851.bin, 2, 1
COCO_val2014_000000060529.bin, 2, 1
COCO_val2014_000000127865.bin, 2, 1
COCO_val2014_000000581496.bin, 2, 1
COCO_val2014_000000280230.bin, 2, 1
COCO_val2014_000000189919.bin, 2, 1
COCO_val2014_000000234518.bin, 2, 1
COCO_val2014_000000235082.bin, 2, 1
COCO_val2014_000000173772.bin, 2, 1
COCO_val2014_000000410004.bin, 2, 1
COCO_val2014_000000575904.bin, 2, 1
COCO_val2014_000000466125.bin, 2, 1
COCO_val2014_000000275933.bin, 2, 1
COCO_val2014_000000569379.bin, 2, 1
COCO_val2014_000000241301.bin, 2, 1
COCO_val2014_000000338054.bin, 2, 1
COCO_val2014_000000225495.bin, 2, 1
COCO_val2014_000000570664.bin, 2, 1
COCO_val2014_000000217827.bin, 2, 1
COCO_val2014_000000462371.bin, 2, 1
COCO_val2014_000000285894.bin, 2, 1
COCO_val2014_000000296393.bin, 2, 1
COCO_val2014_000000093258.bin, 2, 1
COCO_val2014_000000357737.bin, 2, 1
COCO_val2014_000000178683.bin, 2, 1
COCO_val2014_000000379667.bin, 2, 1
COCO_val2014_000000226967.bin, 2, 1
COCO_val2014_000000495117.bin, 2, 1
COCO_val2014_000000068093.bin, 2, 1
COCO_val2014_000000292901.bin, 2, 1
COCO_val2014_000000553698.bin, 2, 1
COCO_val2014_000000005879.bin, 2, 1
COCO_val2014_000000420069.bin, 2, 1
COCO_val2014_000000267123.bin, 2, 1
COCO_val2014_000000289813.bin, 2, 1
COCO_val2014_000000153229.bin, 2, 1
COCO_val2014_000000429142.bin, 2, 1
COCO_val2014_000000213421.bin, 2, 1
COCO_val2014_000000447460.bin, 2, 1
COCO_val2014_000000321390.bin, 2, 1
COCO_val2014_000000025165.bin, 2, 1
COCO_val2014_000000180729.bin, 2, 1
COCO_val2014_000000365724.bin, 2, 1
COCO_val2014_000000535770.bin, 2, 1
COCO_val2014_000000167270.bin, 2, 1
COCO_val2014_000000076572.bin, 2, 1
COCO_val2014_000000309510.bin, 2, 1
COCO_val2014_000000130586.bin, 2, 1
COCO_val2014_000000560470.bin, 2, 1
COCO_val2014_000000576607.bin, 2, 1
COCO_val2014_000000541351.bin, 2, 1
COCO_val2014_000000478798.bin, 2, 1
COCO_val2014_000000542183.bin, 2, 1
COCO_val2014_000000403854.bin, 2, 1
COCO_val2014_000000460289.bin, 2, 1
COCO_val2014_000000365886.bin, 2, 1
COCO_val2014_000000535750.bin, 2, 1
COCO_val2014_000000242189.bin, 2, 1
COCO_val2014_000000536154.bin, 2, 1
COCO_val2014_000000362640.bin, 2, 1
COCO_val2014_000000370486.bin, 2, 1
COCO_val2014_000000543531.bin, 2, 1
COCO_val2014_000000492552.bin, 2, 1
COCO_val2014_000000118811.bin, 2, 1
COCO_val2014_000000439854.bin, 2, 1
COCO_val2014_000000043961.bin, 2, 1
COCO_val2014_000000477946.bin, 2, 1
COCO_val2014_000000524638.bin, 2, 1
COCO_val2014_000000553443.bin, 2, 1
COCO_val2014_000000549450.bin, 2, 1
COCO_val2014_000000036460.bin, 2, 1
COCO_val2014_000000180653.bin, 2, 1
COCO_val2014_000000365701.bin, 2, 1
COCO_val2014_000000336209.bin, 2, 1
COCO_val2014_000000053909.bin, 2, 1
COCO_val2014_000000042375.bin, 2, 1
COCO_val2014_000000273450.bin, 2, 1
COCO_val2014_000000456077.bin, 2, 1
COCO_val2014_000000033116.bin, 2, 1
COCO_val2014_000000005513.bin, 2, 1
COCO_val2014_000000123627.bin, 2, 1
COCO_val2014_000000239093.bin, 2, 1
COCO_val2014_000000484531.bin, 2, 1
COCO_val2014_000000454957.bin, 2, 1
COCO_val2014_000000271560.bin, 2, 1
COCO_val2014_000000359066.bin, 2, 1
COCO_val2014_000000116887.bin, 2, 1
COCO_val2014_000000117508.bin, 2, 1
COCO_val2014_000000150508.bin, 2, 1
COCO_val2014_000000576363.bin, 2, 1
COCO_val2014_000000232483.bin, 2, 1
COCO_val2014_000000496548.bin, 2, 1
COCO_val2014_000000257470.bin, 2, 1
COCO_val2014_000000076547.bin, 2, 1
COCO_val2014_000000444073.bin, 2, 1
COCO_val2014_000000518116.bin, 2, 1
COCO_val2014_000000209162.bin, 2, 1
COCO_val2014_000000408736.bin, 2, 1
COCO_val2014_000000578131.bin, 2, 1
COCO_val2014_000000314876.bin, 2, 1
COCO_val2014_000000086011.bin, 2, 1
COCO_val2014_000000400853.bin, 2, 1
COCO_val2014_000000579648.bin, 2, 1
COCO_val2014_000000117352.bin, 2, 1
COCO_val2014_000000045920.bin, 2, 1
COCO_val2014_000000034993.bin, 2, 1
COCO_val2014_000000154721.bin, 2, 1
COCO_val2014_000000119192.bin, 2, 1
COCO_val2014_000000235672.bin, 2, 1
COCO_val2014_000000347823.bin, 2, 1
COCO_val2014_000000146667.bin, 2, 1
COCO_val2014_000000286119.bin, 2, 1
COCO_val2014_000000337826.bin, 2, 1
COCO_val2014_000000493472.bin, 2, 1
COCO_val2014_000000185156.bin, 2, 1
COCO_val2014_000000138179.bin, 2, 1
COCO_val2014_000000281032.bin, 2, 1
COCO_val2014_000000310597.bin, 2, 1
COCO_val2014_000000099425.bin, 2, 1
COCO_val2014_000000252020.bin, 2, 1
COCO_val2014_000000214492.bin, 2, 1
COCO_val2014_000000252354.bin, 2, 1
COCO_val2014_000000178578.bin, 2, 1
COCO_val2014_000000472691.bin, 2, 1
COCO_val2014_000000435598.bin, 2, 1
COCO_val2014_000000514366.bin, 2, 1
COCO_val2014_000000194525.bin, 2, 1
COCO_val2014_000000211491.bin, 2, 1
COCO_val2014_000000065238.bin, 2, 1
COCO_val2014_000000402674.bin, 2, 1
COCO_val2014_000000285651.bin, 2, 1
COCO_val2014_000000568107.bin, 2, 1
COCO_val2014_000000509403.bin, 2, 1
COCO_val2014_000000352694.bin, 2, 1
COCO_val2014_000000189714.bin, 2, 1
COCO_val2014_000000233888.bin, 2, 1
COCO_val2014_000000303538.bin, 2, 1
COCO_val2014_000000458338.bin, 2, 1
COCO_val2014_000000229329.bin, 2, 1
COCO_val2014_000000268941.bin, 2, 1
COCO_val2014_000000559312.bin, 2, 1
COCO_val2014_000000006896.bin, 2, 1
COCO_val2014_000000430525.bin, 2, 1
COCO_val2014_000000551648.bin, 2, 1
COCO_val2014_000000092131.bin, 2, 1
COCO_val2014_000000208003.bin, 2, 1
COCO_val2014_000000321579.bin, 2, 1
COCO_val2014_000000239575.bin, 2, 1
COCO_val2014_000000275754.bin, 2, 1
COCO_val2014_000000421955.bin, 2, 1
COCO_val2014_000000170178.bin, 2, 1
COCO_val2014_000000484432.bin, 2, 1
COCO_val2014_000000005713.bin, 2, 1
COCO_val2014_000000099794.bin, 2, 1
COCO_val2014_000000246562.bin, 2, 1
COCO_val2014_000000103496.bin, 2, 1
COCO_val2014_000000183374.bin, 2, 1
COCO_val2014_000000206806.bin, 2, 1
COCO_val2014_000000428562.bin, 2, 1
COCO_val2014_000000216863.bin, 2, 1
COCO_val2014_000000383419.bin, 2, 1
COCO_val2014_000000000974.bin, 2, 1
COCO_val2014_000000149375.bin, 2, 1
COCO_val2014_000000446917.bin, 2, 1
COCO_val2014_000000032364.bin, 2, 1
COCO_val2014_000000327617.bin, 2, 1
COCO_val2014_000000217522.bin, 2, 1
COCO_val2014_000000510182.bin, 2, 1
COCO_val2014_000000417023.bin, 2, 1
COCO_val2014_000000576946.bin, 2, 1
COCO_val2014_000000519055.bin, 2, 1
COCO_val2014_000000366822.bin, 2, 1
COCO_val2014_000000290979.bin, 2, 1
COCO_val2014_000000470350.bin, 2, 1
COCO_val2014_000000285291.bin, 2, 1
COCO_val2014_000000155192.bin, 2, 1
COCO_val2014_000000093730.bin, 2, 1
COCO_val2014_000000097434.bin, 2, 1
COCO_val2014_000000253408.bin, 2, 1
COCO_val2014_000000230175.bin, 2, 1
COCO_val2014_000000447736.bin, 2, 1
COCO_val2014_000000295574.bin, 2, 1
COCO_val2014_000000071602.bin, 2, 1
COCO_val2014_000000050025.bin, 2, 1
COCO_val2014_000000462929.bin, 2, 1
COCO_val2014_000000161567.bin, 2, 1
COCO_val2014_000000160761.bin, 2, 1
COCO_val2014_000000411754.bin, 2, 1
COCO_val2014_000000569314.bin, 2, 1
COCO_val2014_000000328728.bin, 2, 1
COCO_val2014_000000012669.bin, 2, 1
COCO_val2014_000000562062.bin, 2, 1
COCO_val2014_000000163289.bin, 2, 1
COCO_val2014_000000154846.bin, 2, 1
COCO_val2014_000000236868.bin, 2, 1
COCO_val2014_000000122418.bin, 2, 1
COCO_val2014_000000383359.bin, 2, 1
COCO_val2014_000000543218.bin, 2, 1
COCO_val2014_000000306453.bin, 2, 1
COCO_val2014_000000364256.bin, 2, 1
COCO_val2014_000000217312.bin, 2, 1
COCO_val2014_000000313034.bin, 2, 1
COCO_val2014_000000450355.bin, 2, 1
COCO_val2014_000000370980.bin, 2, 1
COCO_val2014_000000423001.bin, 2, 1
COCO_val2014_000000183319.bin, 2, 1
COCO_val2014_000000199989.bin, 2, 1
COCO_val2014_000000127068.bin, 2, 1
COCO_val2014_000000515391.bin, 2, 1
COCO_val2014_000000115455.bin, 2, 1
COCO_val2014_000000294776.bin, 2, 1
COCO_val2014_000000099707.bin, 2, 1
COCO_val2014_000000270215.bin, 2, 1
COCO_val2014_000000087920.bin, 2, 1
COCO_val2014_000000307510.bin, 2, 1
COCO_val2014_000000351477.bin, 2, 1
COCO_val2014_000000365426.bin, 2, 1
COCO_val2014_000000148329.bin, 2, 1
COCO_val2014_000000533488.bin, 2, 1
COCO_val2014_000000502936.bin, 2, 1
COCO_val2014_000000293207.bin, 2, 1
COCO_val2014_000000163138.bin, 2, 1
COCO_val2014_000000564301.bin, 2, 1
COCO_val2014_000000391688.bin, 2, 1
COCO_val2014_000000574154.bin, 2, 1
COCO_val2014_000000573971.bin, 2, 1
COCO_val2014_000000263136.bin, 2, 1
COCO_val2014_000000478420.bin, 2, 1
COCO_val2014_000000464719.bin, 2, 1
COCO_val2014_000000104691.bin, 2, 1
COCO_val2014_000000099039.bin, 2, 1
COCO_val2014_000000487692.bin, 2, 1
COCO_val2014_000000553985.bin, 2, 1
COCO_val2014_000000524436.bin, 2, 1
COCO_val2014_000000428985.bin, 2, 1
COCO_val2014_000000108645.bin, 2, 1
COCO_val2014_000000123244.bin, 2, 1
COCO_val2014_000000531602.bin, 2, 1
COCO_val2014_000000504091.bin, 2, 1
COCO_val2014_000000283055.bin, 2, 1
COCO_val2014_000000563938.bin, 2, 1
COCO_val2014_000000057100.bin, 2, 1
COCO_val2014_000000118802.bin, 2, 1
COCO_val2014_000000451234.bin, 2, 1
COCO_val2014_000000056651.bin, 2, 1
COCO_val2014_000000064240.bin, 2, 1
COCO_val2014_000000454444.bin, 2, 1
COCO_val2014_000000478812.bin, 2, 1
COCO_val2014_000000581040.bin, 2, 1
COCO_val2014_000000074446.bin, 2, 1
COCO_val2014_000000014635.bin, 2, 1
COCO_val2014_000000341620.bin, 2, 1
COCO_val2014_000000436203.bin, 2, 1
COCO_val2014_000000570594.bin, 2, 1
COCO_val2014_000000175825.bin, 2, 1
COCO_val2014_000000007149.bin, 2, 1
COCO_val2014_000000491130.bin, 2, 1
COCO_val2014_000000413295.bin, 2, 1
COCO_val2014_000000031061.bin, 2, 1
COCO_val2014_000000493132.bin, 2, 1
COCO_val2014_000000010698.bin, 2, 1
COCO_val2014_000000201970.bin, 2, 1
COCO_val2014_000000262514.bin, 2, 1
COCO_val2014_000000224368.bin, 2, 1
COCO_val2014_000000467696.bin, 2, 1
COCO_val2014_000000490639.bin, 2, 1
COCO_val2014_000000080369.bin, 2, 1
COCO_val2014_000000285558.bin, 2, 1
COCO_val2014_000000535889.bin, 2, 1
COCO_val2014_000000360983.bin, 2, 1
COCO_val2014_000000481518.bin, 2, 1
COCO_val2014_000000163473.bin, 2, 1
COCO_val2014_000000050380.bin, 2, 1
COCO_val2014_000000053677.bin, 2, 1
COCO_val2014_000000059022.bin, 2, 1
COCO_val2014_000000392659.bin, 2, 1
COCO_val2014_000000436972.bin, 2, 1
COCO_val2014_000000577077.bin, 2, 1
COCO_val2014_000000498687.bin, 2, 1
COCO_val2014_000000468456.bin, 2, 1
COCO_val2014_000000163117.bin, 2, 1
COCO_val2014_000000039743.bin, 2, 1
COCO_val2014_000000546210.bin, 2, 1
COCO_val2014_000000442367.bin, 2, 1
COCO_val2014_000000387655.bin, 2, 1
COCO_val2014_000000273841.bin, 2, 1
COCO_val2014_000000542717.bin, 2, 1
COCO_val2014_000000187475.bin, 2, 1
COCO_val2014_000000512722.bin, 2, 1
COCO_val2014_000000046919.bin, 2, 1
COCO_val2014_000000088741.bin, 2, 1
COCO_val2014_000000511622.bin, 2, 1
COCO_val2014_000000259037.bin, 2, 1
COCO_val2014_000000277390.bin, 2, 1
COCO_val2014_000000350157.bin, 2, 1
COCO_val2014_000000010779.bin, 2, 1
COCO_val2014_000000121534.bin, 2, 1
COCO_val2014_000000005535.bin, 2, 1
COCO_val2014_000000520528.bin, 2, 1
COCO_val2014_000000220176.bin, 2, 1
COCO_val2014_000000005205.bin, 2, 1
COCO_val2014_000000286981.bin, 2, 1
COCO_val2014_000000145604.bin, 2, 1
COCO_val2014_000000222467.bin, 2, 1
COCO_val2014_000000134703.bin, 2, 1
COCO_val2014_000000418604.bin, 2, 1
COCO_val2014_000000578792.bin, 2, 1
COCO_val2014_000000049682.bin, 2, 1
COCO_val2014_000000147128.bin, 2, 1
COCO_val2014_000000092861.bin, 2, 1
COCO_val2014_000000300538.bin, 2, 1
COCO_val2014_000000212080.bin, 2, 1
COCO_val2014_000000408774.bin, 2, 1
COCO_val2014_000000183014.bin, 2, 1
COCO_val2014_000000368212.bin, 2, 1
COCO_val2014_000000063104.bin, 2, 1
COCO_val2014_000000205324.bin, 2, 1
COCO_val2014_000000023200.bin, 2, 1
COCO_val2014_000000409581.bin, 2, 1
COCO_val2014_000000138975.bin, 2, 1
COCO_val2014_000000299349.bin, 2, 1
COCO_val2014_000000166948.bin, 2, 1
COCO_val2014_000000336245.bin, 2, 1
COCO_val2014_000000337264.bin, 2, 1
COCO_val2014_000000092602.bin, 2, 1
COCO_val2014_000000470924.bin, 2, 1
COCO_val2014_000000282224.bin, 2, 1
COCO_val2014_000000267725.bin, 2, 1
COCO_val2014_000000419190.bin, 2, 1
COCO_val2014_000000136908.bin, 2, 1
COCO_val2014_000000439868.bin, 2, 1
COCO_val2014_000000497674.bin, 2, 1
COCO_val2014_000000399968.bin, 2, 1
COCO_val2014_000000058425.bin, 2, 1
COCO_val2014_000000099592.bin, 2, 1
COCO_val2014_000000437118.bin, 2, 1
COCO_val2014_000000064121.bin, 2, 1
COCO_val2014_000000257076.bin, 2, 1
COCO_val2014_000000129812.bin, 2, 1
COCO_val2014_000000538913.bin, 2, 1
COCO_val2014_000000486112.bin, 2, 1
COCO_val2014_000000457754.bin, 2, 1
COCO_val2014_000000029138.bin, 2, 1
COCO_val2014_000000337517.bin, 2, 1
COCO_val2014_000000581356.bin, 2, 1
COCO_val2014_000000401004.bin, 2, 1
COCO_val2014_000000136285.bin, 2, 1
COCO_val2014_000000003001.bin, 2, 1
COCO_val2014_000000172279.bin, 2, 1
COCO_val2014_000000044171.bin, 2, 1
COCO_val2014_000000448263.bin, 2, 1
COCO_val2014_000000061418.bin, 2, 1
COCO_val2014_000000422391.bin, 2, 1
COCO_val2014_000000155449.bin, 2, 1
COCO_val2014_000000085316.bin, 2, 1
COCO_val2014_000000464283.bin, 2, 1
COCO_val2014_000000214123.bin, 2, 1
COCO_val2014_000000563696.bin, 2, 1
COCO_val2014_000000301755.bin, 2, 1
COCO_val2014_000000063047.bin, 2, 1
COCO_val2014_000000156511.bin, 2, 1
COCO_val2014_000000047752.bin, 2, 1
COCO_val2014_000000357096.bin, 2, 1
COCO_val2014_000000465862.bin, 2, 1
COCO_val2014_000000133963.bin, 2, 1
COCO_val2014_000000430756.bin, 2, 1
COCO_val2014_000000396200.bin, 2, 1
COCO_val2014_000000047739.bin, 2, 1
COCO_val2014_000000038726.bin, 2, 1
COCO_val2014_000000025386.bin, 2, 1
COCO_val2014_000000064884.bin, 2, 0
COCO_val2014_000000368684.bin, 2, 0
COCO_val2014_000000242379.bin, 2, 0
COCO_val2014_000000329355.bin, 2, 0
COCO_val2014_000000496166.bin, 2, 0
COCO_val2014_000000431901.bin, 2, 0
COCO_val2014_000000288955.bin, 2, 0
COCO_val2014_000000090631.bin, 2, 0
COCO_val2014_000000178156.bin, 2, 0
COCO_val2014_000000552563.bin, 2, 0
COCO_val2014_000000575915.bin, 2, 0
COCO_val2014_000000080974.bin, 2, 0
COCO_val2014_000000509116.bin, 2, 0
COCO_val2014_000000313557.bin, 2, 0
COCO_val2014_000000071857.bin, 2, 0
COCO_val2014_000000072632.bin, 2, 0
COCO_val2014_000000230669.bin, 2, 0
COCO_val2014_000000265597.bin, 2, 0
COCO_val2014_000000073467.bin, 2, 0
COCO_val2014_000000083086.bin, 2, 0
COCO_val2014_000000514082.bin, 2, 0
COCO_val2014_000000223090.bin, 2, 0
COCO_val2014_000000370444.bin, 2, 0
COCO_val2014_000000322858.bin, 2, 0
COCO_val2014_000000447948.bin, 2, 0
COCO_val2014_000000445812.bin, 2, 0
COCO_val2014_000000562595.bin, 2, 0
COCO_val2014_000000146334.bin, 2, 0
COCO_val2014_000000130566.bin, 2, 0
COCO_val2014_000000021644.bin, 2, 0
COCO_val2014_000000276036.bin, 2, 0
COCO_val2014_000000466835.bin, 2, 0
COCO_val2014_000000011184.bin, 2, 0
COCO_val2014_000000333697.bin, 2, 0
COCO_val2014_000000360128.bin, 2, 0
COCO_val2014_000000073595.bin, 2, 0
COCO_val2014_000000096998.bin, 2, 0
COCO_val2014_000000186345.bin, 2, 0
COCO_val2014_000000035435.bin, 2, 0
COCO_val2014_000000011360.bin, 2, 0
COCO_val2014_000000087929.bin, 2, 0
COCO_val2014_000000356379.bin, 2, 0
COCO_val2014_000000010324.bin, 2, 0
COCO_val2014_000000536972.bin, 2, 0
COCO_val2014_000000155035.bin, 2, 0
COCO_val2014_000000505043.bin, 2, 0
COCO_val2014_000000036861.bin, 2, 0
COCO_val2014_000000013445.bin, 2, 0
COCO_val2014_000000451496.bin, 2, 0
COCO_val2014_000000295765.bin, 2, 0
COCO_val2014_000000263723.bin, 2, 0
COCO_val2014_000000502895.bin, 2, 0
COCO_val2014_000000336937.bin, 2, 0
COCO_val2014_000000286507.bin, 2, 0
COCO_val2014_000000543364.bin, 2, 0
COCO_val2014_000000181179.bin, 2, 0
COCO_val2014_000000467873.bin, 2, 0
COCO_val2014_000000428278.bin, 2, 0
COCO_val2014_000000200291.bin, 2, 0
COCO_val2014_000000333106.bin, 2, 0
COCO_val2014_000000148272.bin, 2, 0
COCO_val2014_000000185512.bin, 2, 0
COCO_val2014_000000434412.bin, 2, 0
COCO_val2014_000000212239.bin, 2, 0
COCO_val2014_000000352151.bin, 2, 0
COCO_val2014_000000008721.bin, 2, 0
COCO_val2014_000000162257.bin, 2, 0
COCO_val2014_000000409566.bin, 2, 0
COCO_val2014_000000427796.bin, 2, 0
COCO_val2014_000000173371.bin, 2, 0
COCO_val2014_000000388812.bin, 2, 0
COCO_val2014_000000248363.bin, 2, 0
COCO_val2014_000000237318.bin, 2, 0
COCO_val2014_000000003217.bin, 2, 0
COCO_val2014_000000073521.bin, 2, 0
COCO_val2014_000000277689.bin, 2, 0
COCO_val2014_000000138086.bin, 2, 0
COCO_val2014_000000225738.bin, 2, 0
COCO_val2014_000000143769.bin, 2, 0
COCO_val2014_000000141597.bin, 2, 0
COCO_val2014_000000305351.bin, 2, 0
COCO_val2014_000000534268.bin, 2, 0
COCO_val2014_000000222195.bin, 2, 0
COCO_val2014_000000125535.bin, 2, 0
COCO_val2014_000000167131.bin, 2, 0
COCO_val2014_000000116825.bin, 2, 0
COCO_val2014_000000325064.bin, 2, 0
COCO_val2014_000000455872.bin, 2, 0
COCO_val2014_000000193050.bin, 2, 0
COCO_val2014_000000089459.bin, 2, 0
COCO_val2014_000000230610.bin, 2, 0
COCO_val2014_000000141508.bin, 2, 0
COCO_val2014_000000030213.bin, 2, 0
COCO_val2014_000000300179.bin, 2, 0
COCO_val2014_000000335047.bin, 2, 0
COCO_val2014_000000030356.bin, 2, 0
COCO_val2014_000000434148.bin, 2, 0
COCO_val2014_000000116521.bin, 2, 0
COCO_val2014_000000240605.bin, 2, 0
COCO_val2014_000000417284.bin, 2, 0
COCO_val2014_000000265742.bin, 2, 0
COCO_val2014_000000392534.bin, 2, 0
COCO_val2014_000000467500.bin, 2, 0
COCO_val2014_000000410231.bin, 2, 0
COCO_val2014_000000003947.bin, 2, 0
COCO_val2014_000000175948.bin, 2, 0
COCO_val2014_000000578454.bin, 2, 0
COCO_val2014_000000041671.bin, 2, 0
COCO_val2014_000000500118.bin, 2, 0
COCO_val2014_000000262360.bin, 2, 0
COCO_val2014_000000436865.bin, 2, 0
COCO_val2014_000000129186.bin, 2, 0
COCO_val2014_000000407614.bin, 2, 0
COCO_val2014_000000452727.bin, 2, 0
COCO_val2014_000000440461.bin, 2, 0
COCO_val2014_000000405248.bin, 2, 0
COCO_val2014_000000267628.bin, 2, 0
COCO_val2014_000000261155.bin, 2, 0
COCO_val2014_000000026671.bin, 2, 0
COCO_val2014_000000530952.bin, 2, 0
COCO_val2014_000000210228.bin, 2, 0
COCO_val2014_000000011712.bin, 2, 0
COCO_val2014_000000051844.bin, 2, 0
COCO_val2014_000000316400.bin, 2, 0
COCO_val2014_000000512463.bin, 2, 0
COCO_val2014_000000364470.bin, 2, 0
COCO_val2014_000000370900.bin, 2, 0
COCO_val2014_000000046603.bin, 2, 0
COCO_val2014_000000574241.bin, 2, 0
COCO_val2014_000000423513.bin, 2, 0
COCO_val2014_000000491683.bin, 2, 0
COCO_val2014_000000262030.bin, 2, 0
COCO_val2014_000000380842.bin, 2, 0
COCO_val2014_000000198650.bin, 2, 0
COCO_val2014_000000055955.bin, 2, 0
COCO_val2014_000000104701.bin, 2, 0
COCO_val2014_000000085481.bin, 2, 0
COCO_val2014_000000127337.bin, 2, 0
COCO_val2014_000000140420.bin, 2, 0
COCO_val2014_000000092134.bin, 2, 0
COCO_val2014_000000455716.bin, 2, 0
COCO_val2014_000000086951.bin, 2, 0
COCO_val2014_000000524742.bin, 2, 0
COCO_val2014_000000002255.bin, 2, 0
COCO_val2014_000000211243.bin, 2, 0
COCO_val2014_000000441863.bin, 2, 0
COCO_val2014_000000359638.bin, 2, 0
COCO_val2014_000000474920.bin, 2, 0
COCO_val2014_000000439777.bin, 2, 0
COCO_val2014_000000453756.bin, 2, 0
COCO_val2014_000000486383.bin, 2, 0
COCO_val2014_000000348235.bin, 2, 0
COCO_val2014_000000487141.bin, 2, 0
COCO_val2014_000000476299.bin, 2, 0
COCO_val2014_000000040937.bin, 2, 0
COCO_val2014_000000335833.bin, 2, 0
COCO_val2014_000000530941.bin, 2, 0
COCO_val2014_000000436895.bin, 2, 0
COCO_val2014_000000032656.bin, 2, 0
COCO_val2014_000000338581.bin, 2, 0
COCO_val2014_000000127587.bin, 2, 0
COCO_val2014_000000379476.bin, 2, 0
COCO_val2014_000000555298.bin, 2, 0
COCO_val2014_000000444100.bin, 2, 0
COCO_val2014_000000066135.bin, 2, 0
COCO_val2014_000000439290.bin, 2, 0
COCO_val2014_000000344614.bin, 2, 0
COCO_val2014_000000234733.bin, 2, 0
COCO_val2014_000000350075.bin, 2, 0
COCO_val2014_000000360393.bin, 2, 0
COCO_val2014_000000489346.bin, 2, 0
COCO_val2014_000000374218.bin, 2, 0
COCO_val2014_000000372717.bin, 2, 0
COCO_val2014_000000032285.bin, 2, 0
COCO_val2014_000000138806.bin, 2, 0
COCO_val2014_000000338428.bin, 2, 0
COCO_val2014_000000486479.bin, 2, 0
COCO_val2014_000000275501.bin, 2, 0
COCO_val2014_000000454348.bin, 2, 0
COCO_val2014_000000345380.bin, 2, 0
COCO_val2014_000000391684.bin, 2, 0
COCO_val2014_000000521288.bin, 2, 0
COCO_val2014_000000573943.bin, 2, 0
COCO_val2014_000000458941.bin, 2, 0
COCO_val2014_000000111553.bin, 2, 0
COCO_val2014_000000430273.bin, 2, 0
COCO_val2014_000000486164.bin, 2, 0
COCO_val2014_000000204502.bin, 2, 0
COCO_val2014_000000229858.bin, 2, 0
COCO_val2014_000000387223.bin, 2, 0
COCO_val2014_000000563603.bin, 2, 0
COCO_val2014_000000120157.bin, 2, 0
COCO_val2014_000000357903.bin, 2, 0
COCO_val2014_000000534121.bin, 2, 0
COCO_val2014_000000411436.bin, 2, 0
COCO_val2014_000000553588.bin, 2, 0
COCO_val2014_000000245242.bin, 2, 0
COCO_val2014_000000473915.bin, 2, 0
COCO_val2014_000000166565.bin, 2, 0
COCO_val2014_000000450370.bin, 2, 0
COCO_val2014_000000309553.bin, 2, 0
COCO_val2014_000000358359.bin, 2, 0
COCO_val2014_000000385842.bin, 2, 0
COCO_val2014_000000271897.bin, 2, 0
COCO_val2014_000000054133.bin, 2, 0
COCO_val2014_000000524656.bin, 2, 0
COCO_val2014_000000506187.bin, 2, 0
COCO_val2014_000000318471.bin, 2, 0
COCO_val2014_000000450464.bin, 2, 0
COCO_val2014_000000062151.bin, 2, 0
COCO_val2014_000000251330.bin, 2, 0
COCO_val2014_000000541631.bin, 2, 0
COCO_val2014_000000241319.bin, 2, 0
COCO_val2014_000000332461.bin, 2, 0
COCO_val2014_000000451940.bin, 2, 0
COCO_val2014_000000417440.bin, 2, 0
COCO_val2014_000000205542.bin, 2, 0
COCO_val2014_000000205625.bin, 2, 0
COCO_val2014_000000243849.bin, 2, 0
COCO_val2014_000000079816.bin, 2, 0
COCO_val2014_000000087890.bin, 2, 0
COCO_val2014_000000008045.bin, 2, 0
COCO_val2014_000000202926.bin, 2, 0
COCO_val2014_000000402357.bin, 2, 0
COCO_val2014_000000458768.bin, 2, 0
COCO_val2014_000000473573.bin, 2, 0
COCO_val2014_000000398666.bin, 2, 0
COCO_val2014_000000001577.bin, 2, 0
COCO_val2014_000000053892.bin, 2, 0
COCO_val2014_000000065124.bin, 2, 0
COCO_val2014_000000320951.bin, 2, 0
COCO_val2014_000000226170.bin, 2, 0
COCO_val2014_000000036277.bin, 2, 0
COCO_val2014_000000276720.bin, 2, 0
COCO_val2014_000000523403.bin, 2, 0
COCO_val2014_000000407387.bin, 2, 0
COCO_val2014_000000396432.bin, 2, 0
COCO_val2014_000000435751.bin, 2, 0
COCO_val2014_000000174987.bin, 2, 0
COCO_val2014_000000339512.bin, 2, 0
COCO_val2014_000000399538.bin, 2, 0
COCO_val2014_000000530266.bin, 2, 0
COCO_val2014_000000535156.bin, 2, 0
COCO_val2014_000000255385.bin, 2, 0
COCO_val2014_000000171753.bin, 2, 0
COCO_val2014_000000097240.bin, 2, 0
COCO_val2014_000000204289.bin, 2, 0
COCO_val2014_000000535313.bin, 2, 0
COCO_val2014_000000501243.bin, 2, 0
COCO_val2014_000000109178.bin, 2, 0
COCO_val2014_000000350488.bin, 2, 0
COCO_val2014_000000528972.bin, 2, 0
COCO_val2014_000000191919.bin, 2, 0
COCO_val2014_000000453400.bin, 2, 0
COCO_val2014_000000334305.bin, 2, 0
COCO_val2014_000000346482.bin, 2, 0
COCO_val2014_000000210442.bin, 2, 0
COCO_val2014_000000090448.bin, 2, 0
COCO_val2014_000000521359.bin, 2, 0
COCO_val2014_000000354321.bin, 2, 0
COCO_val2014_000000433277.bin, 2, 0
COCO_val2014_000000464286.bin, 2, 0
COCO_val2014_000000297108.bin, 2, 0
COCO_val2014_000000245173.bin, 2, 0
COCO_val2014_000000404437.bin, 2, 0
COCO_val2014_000000340930.bin, 2, 0
COCO_val2014_000000291742.bin, 2, 0
COCO_val2014_000000267933.bin, 2, 0
COCO_val2014_000000127517.bin, 2, 0
COCO_val2014_000000188544.bin, 2, 0
COCO_val2014_000000391016.bin, 2, 0
COCO_val2014_000000142919.bin, 2, 0
COCO_val2014_000000526622.bin, 2, 0
COCO_val2014_000000264964.bin, 2, 0
COCO_val2014_000000495291.bin, 2, 0
COCO_val2014_000000471991.bin, 2, 0
COCO_val2014_000000408439.bin, 2, 0
COCO_val2014_000000252610.bin, 2, 0
COCO_val2014_000000567290.bin, 2, 0
COCO_val2014_000000362482.bin, 2, 0
COCO_val2014_000000538533.bin, 2, 0
COCO_val2014_000000222863.bin, 2, 0
COCO_val2014_000000501858.bin, 2, 0
COCO_val2014_000000043494.bin, 2, 0
COCO_val2014_000000169757.bin, 2, 0
COCO_val2014_000000312191.bin, 2, 0
COCO_val2014_000000497099.bin, 2, 0
COCO_val2014_000000525247.bin, 2, 0
COCO_val2014_000000452084.bin, 2, 0
COCO_val2014_000000002295.bin, 2, 0
COCO_val2014_000000123639.bin, 2, 0
COCO_val2014_000000545924.bin, 2, 0
COCO_val2014_000000566135.bin, 2, 0
COCO_val2014_000000272610.bin, 2, 0
COCO_val2014_000000505040.bin, 2, 0
COCO_val2014_000000321008.bin, 2, 0
COCO_val2014_000000469174.bin, 2, 0
COCO_val2014_000000569464.bin, 2, 0
COCO_val2014_000000170232.bin, 2, 0
COCO_val2014_000000485424.bin, 2, 0
COCO_val2014_000000522406.bin, 2, 0
COCO_val2014_000000208708.bin, 2, 0
COCO_val2014_000000556091.bin, 2, 0
COCO_val2014_000000409963.bin, 2, 0
COCO_val2014_000000319360.bin, 2, 0
COCO_val2014_000000174721.bin, 2, 0
COCO_val2014_000000077980.bin, 2, 0
COCO_val2014_000000030254.bin, 2, 0
COCO_val2014_000000246522.bin, 2, 0
COCO_val2014_000000362483.bin, 2, 0
COCO_val2014_000000365305.bin, 2, 0
COCO_val2014_000000410912.bin, 2, 0
COCO_val2014_000000168698.bin, 2, 0
COCO_val2014_000000339256.bin, 2, 0
COCO_val2014_000000568425.bin, 2, 0
COCO_val2014_000000570947.bin, 2, 0
COCO_val2014_000000544421.bin, 2, 0
COCO_val2014_000000496541.bin, 2, 0
COCO_val2014_000000126958.bin, 2, 0
COCO_val2014_000000420791.bin, 2, 0
COCO_val2014_000000454388.bin, 2, 0
COCO_val2014_000000059393.bin, 2, 0
COCO_val2014_000000436162.bin, 2, 0
COCO_val2014_000000256916.bin, 2, 0
COCO_val2014_000000279809.bin, 2, 0
COCO_val2014_000000226360.bin, 2, 0
COCO_val2014_000000049091.bin, 2, 0
COCO_val2014_000000273188.bin, 2, 0
COCO_val2014_000000494584.bin, 2, 0
COCO_val2014_000000150875.bin, 2, 0
COCO_val2014_000000457461.bin, 2, 0
COCO_val2014_000000299448.bin, 2, 0
COCO_val2014_000000576017.bin, 2, 0
COCO_val2014_000000151922.bin, 2, 0
COCO_val2014_000000372613.bin, 2, 0
COCO_val2014_000000105866.bin, 2, 0
COCO_val2014_000000311567.bin, 2, 0
COCO_val2014_000000264330.bin, 2, 0
COCO_val2014_000000510150.bin, 2, 0
COCO_val2014_000000249506.bin, 2, 0
COCO_val2014_000000321118.bin, 2, 0
COCO_val2014_000000113128.bin, 2, 0
COCO_val2014_000000431355.bin, 2, 0
COCO_val2014_000000320324.bin, 2, 0
COCO_val2014_000000118739.bin, 2, 0
COCO_val2014_000000223130.bin, 2, 0
COCO_val2014_000000102421.bin, 2, 0
COCO_val2014_000000157886.bin, 2, 0
COCO_val2014_000000397719.bin, 2, 0
COCO_val2014_000000193387.bin, 2, 0
COCO_val2014_000000168817.bin, 2, 0
COCO_val2014_000000335810.bin, 2, 0
COCO_val2014_000000290768.bin, 2, 0
COCO_val2014_000000116295.bin, 2, 0
COCO_val2014_000000188290.bin, 2, 0
COCO_val2014_000000570077.bin, 2, 0
COCO_val2014_000000380299.bin, 2, 0
COCO_val2014_000000177575.bin, 2, 0
COCO_val2014_000000015566.bin, 2, 0
COCO_val2014_000000373810.bin, 2, 0
COCO_val2014_000000531349.bin, 2, 0
COCO_val2014_000000472864.bin, 2, 0
COCO_val2014_000000199257.bin, 2, 0
COCO_val2014_000000078941.bin, 2, 0
COCO_val2014_000000294689.bin, 2, 0
COCO_val2014_000000277932.bin, 2, 0
COCO_val2014_000000236714.bin, 2, 0
COCO_val2014_000000029594.bin, 2, 0
COCO_val2014_000000276549.bin, 2, 0
COCO_val2014_000000015690.bin, 2, 0
COCO_val2014_000000282741.bin, 2, 0
COCO_val2014_000000379014.bin, 2, 0
COCO_val2014_000000267812.bin, 2, 0
COCO_val2014_000000001064.bin, 2, 0
COCO_val2014_000000001779.bin, 2, 0
COCO_val2014_000000004079.bin, 2, 0
COCO_val2014_000000389129.bin, 2, 0
COCO_val2014_000000258509.bin, 2, 0
COCO_val2014_000000104198.bin, 2, 0
COCO_val2014_000000429011.bin, 2, 0
COCO_val2014_000000576067.bin, 2, 0
COCO_val2014_000000552289.bin, 2, 0
COCO_val2014_000000486020.bin, 2, 0
COCO_val2014_000000151842.bin, 2, 0
COCO_val2014_000000023351.bin, 2, 0
COCO_val2014_000000076525.bin, 2, 0
COCO_val2014_000000306506.bin, 2, 0
COCO_val2014_000000209420.bin, 2, 0
COCO_val2014_000000216083.bin, 2, 0
COCO_val2014_000000186950.bin, 2, 0
COCO_val2014_000000052257.bin, 2, 0
COCO_val2014_000000552979.bin, 2, 0
COCO_val2014_000000056736.bin, 2, 0
COCO_val2014_000000096514.bin, 2, 0
COCO_val2014_000000483389.bin, 2, 0
COCO_val2014_000000287829.bin, 2, 0
COCO_val2014_000000284560.bin, 2, 0
COCO_val2014_000000257328.bin, 2, 0
COCO_val2014_000000197245.bin, 2, 0
COCO_val2014_000000031049.bin, 2, 0
COCO_val2014_000000304876.bin, 2, 0
COCO_val2014_000000170788.bin, 2, 0
COCO_val2014_000000489616.bin, 2, 0
COCO_val2014_000000511546.bin, 2, 0
COCO_val2014_000000055066.bin, 2, 0
COCO_val2014_000000277888.bin, 2, 0
COCO_val2014_000000319283.bin, 2, 0
COCO_val2014_000000411177.bin, 2, 0
COCO_val2014_000000239992.bin, 2, 0
COCO_val2014_000000433156.bin, 2, 0
COCO_val2014_000000034580.bin, 2, 0
COCO_val2014_000000015079.bin, 2, 0
COCO_val2014_000000118546.bin, 2, 0
COCO_val2014_000000551780.bin, 2, 0
COCO_val2014_000000271825.bin, 2, 0
COCO_val2014_000000429369.bin, 2, 0
COCO_val2014_000000295199.bin, 2, 0
COCO_val2014_000000265059.bin, 2, 0
COCO_val2014_000000403104.bin, 2, 0
COCO_val2014_000000183715.bin, 2, 0
COCO_val2014_000000064574.bin, 2, 0
COCO_val2014_000000259625.bin, 2, 0
COCO_val2014_000000400046.bin, 2, 0
COCO_val2014_000000205677.bin, 2, 0
COCO_val2014_000000299042.bin, 2, 0
COCO_val2014_000000298928.bin, 2, 0
COCO_val2014_000000280325.bin, 2, 0
COCO_val2014_000000522175.bin, 2, 0
COCO_val2014_000000406093.bin, 2, 0
COCO_val2014_000000215675.bin, 2, 0
COCO_val2014_000000532568.bin, 2, 0
COCO_val2014_000000349489.bin, 2, 0
COCO_val2014_000000352671.bin, 2, 0
COCO_val2014_000000479440.bin, 2, 0
COCO_val2014_000000538359.bin, 2, 0
COCO_val2014_000000349678.bin, 2, 0
COCO_val2014_000000531167.bin, 2, 0
COCO_val2014_000000066973.bin, 2, 0
COCO_val2014_000000035760.bin, 2, 0
COCO_val2014_000000552253.bin, 2, 0
COCO_val2014_000000354165.bin, 2, 0
COCO_val2014_000000133923.bin, 2, 0
COCO_val2014_000000455365.bin, 2, 0
COCO_val2014_000000002157.bin, 2, 0
COCO_val2014_000000268340.bin, 2, 0
COCO_val2014_000000360986.bin, 2, 0
COCO_val2014_000000076149.bin, 2, 0
COCO_val2014_000000581180.bin, 2, 0
COCO_val2014_000000514600.bin, 2, 0
COCO_val2014_000000411958.bin, 2, 0
COCO_val2014_000000385236.bin, 2, 0
COCO_val2014_000000568508.bin, 2, 0
COCO_val2014_000000064703.bin, 2, 0
COCO_val2014_000000494345.bin, 2, 0
COCO_val2014_000000015984.bin, 2, 0
COCO_val2014_000000495881.bin, 2, 0
COCO_val2014_000000453755.bin, 2, 0
COCO_val2014_000000463628.bin, 2, 0
COCO_val2014_000000120254.bin, 2, 0
COCO_val2014_000000134964.bin, 2, 0
COCO_val2014_000000274599.bin, 2, 0
COCO_val2014_000000309237.bin, 2, 0
COCO_val2014_000000070158.bin, 2, 0
COCO_val2014_000000555356.bin, 2, 0
COCO_val2014_000000393858.bin, 2, 0
COCO_val2014_000000451559.bin, 2, 0
COCO_val2014_000000454232.bin, 2, 0
COCO_val2014_000000453622.bin, 2, 0
COCO_val2014_000000438707.bin, 2, 0
COCO_val2014_000000533978.bin, 2, 0
COCO_val2014_000000302242.bin, 2, 0
COCO_val2014_000000369185.bin, 2, 0
COCO_val2014_000000392228.bin, 2, 0
COCO_val2014_000000366677.bin, 2, 0
COCO_val2014_000000388487.bin, 2, 0
COCO_val2014_000000288591.bin, 2, 0
COCO_val2014_000000260257.bin, 2, 0
COCO_val2014_000000029306.bin, 2, 0
COCO_val2014_000000577853.bin, 2, 0
COCO_val2014_000000214295.bin, 2, 0
COCO_val2014_000000474675.bin, 2, 0
COCO_val2014_000000254033.bin, 2, 0
COCO_val2014_000000012268.bin, 2, 0
COCO_val2014_000000296265.bin, 2, 0
COCO_val2014_000000463610.bin, 2, 0
COCO_val2014_000000072811.bin, 2, 0
COCO_val2014_000000472349.bin, 2, 0
COCO_val2014_000000406451.bin, 2, 0
COCO_val2014_000000178189.bin, 2, 0
COCO_val2014_000000451053.bin, 2, 0
COCO_val2014_000000125167.bin, 2, 0
COCO_val2014_000000020268.bin, 2, 0
COCO_val2014_000000062410.bin, 2, 0
COCO_val2014_000000536321.bin, 2, 0
COCO_val2014_000000160437.bin, 2, 0
COCO_val2014_000000137576.bin, 2, 0
COCO_val2014_000000141709.bin, 2, 0
COCO_val2014_000000386313.bin, 2, 0
COCO_val2014_000000247536.bin, 2, 0
COCO_val2014_000000383601.bin, 2, 0
COCO_val2014_000000524957.bin, 2, 1
COCO_val2014_000000065433.bin, 2, 1
COCO_val2014_000000481064.bin, 2, 1
COCO_val2014_000000144333.bin, 2, 1
COCO_val2014_000000113473.bin, 2, 1
COCO_val2014_000000231855.bin, 2, 1
COCO_val2014_000000151739.bin, 2, 1
COCO_val2014_000000113282.bin, 2, 1
COCO_val2014_000000524979.bin, 2, 1
COCO_val2014_000000461805.bin, 2, 1
COCO_val2014_000000126110.bin, 2, 1
COCO_val2014_000000450263.bin, 2, 1
COCO_val2014_000000169996.bin, 2, 1
COCO_val2014_000000580704.bin, 2, 1
COCO_val2014_000000065008.bin, 2, 1
COCO_val2014_000000047394.bin, 2, 1
COCO_val2014_000000088335.bin, 2, 1
COCO_val2014_000000301221.bin, 2, 1
COCO_val2014_000000010023.bin, 2, 1
COCO_val2014_000000568979.bin, 2, 1
COCO_val2014_000000395801.bin, 2, 1
COCO_val2014_000000496379.bin, 2, 1
COCO_val2014_000000145597.bin, 2, 1
COCO_val2014_000000334148.bin, 2, 1
COCO_val2014_000000097809.bin, 2, 1
COCO_val2014_000000405534.bin, 2, 1
COCO_val2014_000000068219.bin, 2, 1
COCO_val2014_000000166478.bin, 2, 1
COCO_val2014_000000359925.bin, 2, 1
COCO_val2014_000000476253.bin, 2, 1
COCO_val2014_000000487575.bin, 2, 1
COCO_val2014_000000300039.bin, 2, 1
COCO_val2014_000000420960.bin, 2, 1
COCO_val2014_000000356094.bin, 2, 1
COCO_val2014_000000418711.bin, 2, 1
COCO_val2014_000000470313.bin, 2, 1
COCO_val2014_000000484042.bin, 2, 1
COCO_val2014_000000156102.bin, 2, 1
COCO_val2014_000000422516.bin, 2, 1
COCO_val2014_000000134888.bin, 2, 1
COCO_val2014_000000232692.bin, 2, 1
COCO_val2014_000000533811.bin, 2, 1
COCO_val2014_000000292945.bin, 2, 1
COCO_val2014_000000393809.bin, 2, 1
COCO_val2014_000000495357.bin, 2, 1
COCO_val2014_000000245716.bin, 2, 1
COCO_val2014_000000398045.bin, 2, 1
COCO_val2014_000000113977.bin, 2, 1
COCO_val2014_000000093258.bin, 2, 1
COCO_val2014_000000035966.bin, 2, 1
COCO_val2014_000000245447.bin, 2, 1
COCO_val2014_000000301029.bin, 2, 1
COCO_val2014_000000503051.bin, 2, 1
COCO_val2014_000000073832.bin, 2, 1
COCO_val2014_000000299757.bin, 2, 1
COCO_val2014_000000581357.bin, 2, 1
COCO_val2014_000000343852.bin, 2, 1
COCO_val2014_000000334686.bin, 2, 1
COCO_val2014_000000103509.bin, 2, 1
COCO_val2014_000000105179.bin, 2, 1
COCO_val2014_000000273321.bin, 2, 1
COCO_val2014_000000398309.bin, 2, 1
COCO_val2014_000000407644.bin, 2, 1
COCO_val2014_000000194097.bin, 2, 1
COCO_val2014_000000524456.bin, 2, 1
COCO_val2014_000000465424.bin, 2, 1
COCO_val2014_000000449522.bin, 2, 1
COCO_val2014_000000181383.bin, 2, 1
COCO_val2014_000000533976.bin, 2, 1
COCO_val2014_000000176180.bin, 2, 1
COCO_val2014_000000504304.bin, 2, 1
COCO_val2014_000000313733.bin, 2, 1
COCO_val2014_000000000872.bin, 2, 1
COCO_val2014_000000529454.bin, 2, 1
COCO_val2014_000000564095.bin, 2, 1
COCO_val2014_000000539529.bin, 2, 1
COCO_val2014_000000526353.bin, 2, 1
COCO_val2014_000000578545.bin, 2, 1
COCO_val2014_000000072096.bin, 2, 1
COCO_val2014_000000356394.bin, 2, 1
COCO_val2014_000000424464.bin, 2, 1
COCO_val2014_000000561336.bin, 2, 1
COCO_val2014_000000468487.bin, 2, 1
COCO_val2014_000000352111.bin, 2, 1
COCO_val2014_000000443204.bin, 2, 1
COCO_val2014_000000016491.bin, 2, 1
COCO_val2014_000000107234.bin, 2, 1
COCO_val2014_000000500716.bin, 2, 1
COCO_val2014_000000048791.bin, 2, 1
COCO_val2014_000000339703.bin, 2, 1
COCO_val2014_000000223746.bin, 2, 1
COCO_val2014_000000441453.bin, 2, 1
COCO_val2014_000000141634.bin, 2, 1
COCO_val2014_000000236996.bin, 2, 1
COCO_val2014_000000288403.bin, 2, 1
COCO_val2014_000000373424.bin, 2, 1
COCO_val2014_000000230265.bin, 2, 1
COCO_val2014_000000356490.bin, 2, 1
COCO_val2014_000000140263.bin, 2, 1
COCO_val2014_000000442962.bin, 2, 1
COCO_val2014_000000067534.bin, 2, 1
COCO_val2014_000000136042.bin, 2, 1
COCO_val2014_000000090519.bin, 2, 1
COCO_val2014_000000360073.bin, 2, 1
COCO_val2014_000000106244.bin, 2, 1
COCO_val2014_000000227226.bin, 2, 1
COCO_val2014_000000542782.bin, 2, 1
COCO_val2014_000000056669.bin, 2, 1
COCO_val2014_000000308295.bin, 2, 1
COCO_val2014_000000246106.bin, 2, 1
COCO_val2014_000000562243.bin, 2, 1
COCO_val2014_000000148042.bin, 2, 1
COCO_val2014_000000120007.bin, 2, 1
COCO_val2014_000000389974.bin, 2, 1
COCO_val2014_000000220241.bin, 2, 1
COCO_val2014_000000107960.bin, 2, 1
COCO_val2014_000000547300.bin, 2, 1
COCO_val2014_000000426376.bin, 2, 1
COCO_val2014_000000466960.bin, 2, 1
COCO_val2014_000000127990.bin, 2, 1
COCO_val2014_000000378134.bin, 2, 1
COCO_val2014_000000149272.bin, 2, 1
COCO_val2014_000000347620.bin, 2, 1
COCO_val2014_000000520752.bin, 2, 1
COCO_val2014_000000323682.bin, 2, 1
COCO_val2014_000000377155.bin, 2, 1
COCO_val2014_000000313948.bin, 2, 1
COCO_val2014_000000504697.bin, 2, 1
COCO_val2014_000000149770.bin, 2, 1
COCO_val2014_000000206487.bin, 2, 1
COCO_val2014_000000308630.bin, 2, 1
COCO_val2014_000000191225.bin, 2, 1
COCO_val2014_000000498225.bin, 2, 1
COCO_val2014_000000093089.bin, 2, 1
COCO_val2014_000000151826.bin, 2, 1
COCO_val2014_000000175878.bin, 2, 1
COCO_val2014_000000316605.bin, 2, 1
COCO_val2014_000000161079.bin, 2, 1
COCO_val2014_000000316879.bin, 2, 1
COCO_val2014_000000151970.bin, 2, 1
COCO_val2014_000000098322.bin, 2, 1
COCO_val2014_000000022213.bin, 2, 1
COCO_val2014_000000475218.bin, 2, 1
COCO_val2014_000000535135.bin, 2, 1
COCO_val2014_000000490683.bin, 2, 1
COCO_val2014_000000386514.bin, 2, 1
COCO_val2014_000000531069.bin, 2, 1
COCO_val2014_000000185221.bin, 2, 1
COCO_val2014_000000579226.bin, 2, 1
COCO_val2014_000000532876.bin, 2, 1
COCO_val2014_000000531244.bin, 2, 1
COCO_val2014_000000124210.bin, 2, 1
COCO_val2014_000000408255.bin, 2, 1
COCO_val2014_000000300848.bin, 2, 1
COCO_val2014_000000213434.bin, 2, 1
COCO_val2014_000000574141.bin, 2, 1
COCO_val2014_000000489850.bin, 2, 1
COCO_val2014_000000114239.bin, 2, 1
COCO_val2014_000000537905.bin, 2, 1
COCO_val2014_000000301575.bin, 2, 1
COCO_val2014_000000219737.bin, 2, 1
COCO_val2014_000000040839.bin, 2, 1
COCO_val2014_000000047752.bin, 2, 1
COCO_val2014_000000142249.bin, 2, 1
COCO_val2014_000000070815.bin, 2, 1
COCO_val2014_000000250301.bin, 2, 1
COCO_val2014_000000488915.bin, 2, 1
COCO_val2014_000000164366.bin, 2, 1
COCO_val2014_000000248224.bin, 2, 1
COCO_val2014_000000204186.bin, 2, 1
COCO_val2014_000000434494.bin, 2, 1
COCO_val2014_000000362368.bin, 2, 1
COCO_val2014_000000330387.bin, 2, 1
COCO_val2014_000000249276.bin, 2, 1
COCO_val2014_000000280079.bin, 2, 1
COCO_val2014_000000104185.bin, 2, 1
COCO_val2014_000000124949.bin, 2, 1
COCO_val2014_000000283216.bin, 2, 1
COCO_val2014_000000528046.bin, 2, 1
COCO_val2014_000000120411.bin, 2, 1
COCO_val2014_000000309492.bin, 2, 1
COCO_val2014_000000487931.bin, 2, 1
COCO_val2014_000000067551.bin, 2, 1
COCO_val2014_000000036252.bin, 2, 1
COCO_val2014_000000290416.bin, 2, 1
COCO_val2014_000000528030.bin, 2, 1
COCO_val2014_000000576045.bin, 2, 1
COCO_val2014_000000486355.bin, 2, 1
COCO_val2014_000000478906.bin, 2, 1
COCO_val2014_000000336629.bin, 2, 1
COCO_val2014_000000107964.bin, 2, 1
COCO_val2014_000000116405.bin, 2, 1
COCO_val2014_000000148128.bin, 2, 1
COCO_val2014_000000120776.bin, 2, 1
COCO_val2014_000000231508.bin, 2, 1
COCO_val2014_000000065057.bin, 2, 1
COCO_val2014_000000458255.bin, 2, 1
COCO_val2014_000000224377.bin, 2, 1
COCO_val2014_000000364853.bin, 2, 1
COCO_val2014_000000143948.bin, 2, 1
COCO_val2014_000000234945.bin, 2, 1
COCO_val2014_000000447460.bin, 2, 1
COCO_val2014_000000199437.bin, 2, 1
COCO_val2014_000000094614.bin, 2, 1
COCO_val2014_000000328110.bin, 2, 1
COCO_val2014_000000458223.bin, 2, 1
COCO_val2014_000000358652.bin, 2, 1
COCO_val2014_000000537206.bin, 2, 1
COCO_val2014_000000412151.bin, 2, 1
COCO_val2014_000000205230.bin, 2, 1
COCO_val2014_000000439522.bin, 2, 1
COCO_val2014_000000012979.bin, 2, 1
COCO_val2014_000000228708.bin, 2, 1
COCO_val2014_000000227901.bin, 2, 1
COCO_val2014_000000036333.bin, 2, 1
COCO_val2014_000000263613.bin, 2, 1
COCO_val2014_000000527828.bin, 2, 1
COCO_val2014_000000117286.bin, 2, 1
COCO_val2014_000000301282.bin, 2, 1
COCO_val2014_000000043605.bin, 2, 1
COCO_val2014_000000017311.bin, 2, 1
COCO_val2014_000000491058.bin, 2, 1
COCO_val2014_000000346275.bin, 2, 1
COCO_val2014_000000398992.bin, 2, 1
COCO_val2014_000000258023.bin, 2, 1
COCO_val2014_000000156935.bin, 2, 1
COCO_val2014_000000257965.bin, 2, 1
COCO_val2014_000000047654.bin, 2, 1
COCO_val2014_000000360350.bin, 2, 1
COCO_val2014_000000181446.bin, 2, 1
COCO_val2014_000000196280.bin, 2, 1
COCO_val2014_000000408201.bin, 2, 1
COCO_val2014_000000391722.bin, 2, 1
COCO_val2014_000000171241.bin, 2, 1
COCO_val2014_000000168974.bin, 2, 1
COCO_val2014_000000580613.bin, 2, 1
COCO_val2014_000000262404.bin, 2, 1
COCO_val2014_000000464515.bin, 2, 1
COCO_val2014_000000388989.bin, 2, 1
COCO_val2014_000000537456.bin, 2, 1
COCO_val2014_000000043657.bin, 2, 1
COCO_val2014_000000343053.bin, 2, 1
COCO_val2014_000000568265.bin, 2, 1
COCO_val2014_000000112591.bin, 2, 1
COCO_val2014_000000146773.bin, 2, 1
COCO_val2014_000000025424.bin, 2, 1
COCO_val2014_000000574702.bin, 2, 1
COCO_val2014_000000170048.bin, 2, 1
COCO_val2014_000000431742.bin, 2, 1
COCO_val2014_000000054516.bin, 2, 1
COCO_val2014_000000117908.bin, 2, 1
COCO_val2014_000000144228.bin, 2, 1
COCO_val2014_000000177015.bin, 2, 1
COCO_val2014_000000043289.bin, 2, 1
COCO_val2014_000000302599.bin, 2, 1
COCO_val2014_000000311374.bin, 2, 1
COCO_val2014_000000531803.bin, 2, 1
COCO_val2014_000000303538.bin, 2, 1
COCO_val2014_000000361992.bin, 2, 1
COCO_val2014_000000315350.bin, 2, 1
COCO_val2014_000000367710.bin, 2, 1
COCO_val2014_000000012115.bin, 2, 1
COCO_val2014_000000507211.bin, 2, 1
COCO_val2014_000000542938.bin, 2, 1
COCO_val2014_000000559364.bin, 2, 1
COCO_val2014_000000477483.bin, 2, 1
COCO_val2014_000000415073.bin, 2, 1
COCO_val2014_000000212261.bin, 2, 1
COCO_val2014_000000389458.bin, 2, 1
COCO_val2014_000000124712.bin, 2, 1
COCO_val2014_000000106575.bin, 2, 1
COCO_val2014_000000048281.bin, 2, 1
COCO_val2014_000000333737.bin, 2, 1
COCO_val2014_000000563605.bin, 2, 1
COCO_val2014_000000254172.bin, 2, 1
COCO_val2014_000000479350.bin, 2, 1
COCO_val2014_000000315939.bin, 2, 1
COCO_val2014_000000347982.bin, 2, 1
COCO_val2014_000000523957.bin, 2, 1
COCO_val2014_000000294776.bin, 2, 1
COCO_val2014_000000499374.bin, 2, 1
COCO_val2014_000000106470.bin, 2, 1
COCO_val2014_000000446651.bin, 2, 1
COCO_val2014_000000232612.bin, 2, 1
COCO_val2014_000000472143.bin, 2, 1
COCO_val2014_000000208347.bin, 2, 1
COCO_val2014_000000535506.bin, 2, 1
COCO_val2014_000000488151.bin, 2, 1
COCO_val2014_000000114414.bin, 2, 1
COCO_val2014_000000272153.bin, 2, 1
COCO_val2014_000000038828.bin, 2, 1
COCO_val2014_000000093120.bin, 2, 1
COCO_val2014_000000306186.bin, 2, 1
COCO_val2014_000000500062.bin, 2, 1
COCO_val2014_000000448175.bin, 2, 1
COCO_val2014_000000510657.bin, 2, 1
COCO_val2014_000000493243.bin, 2, 1
COCO_val2014_000000009171.bin, 2, 1
COCO_val2014_000000455597.bin, 2, 1
COCO_val2014_000000506945.bin, 2, 1
COCO_val2014_000000044244.bin, 2, 1
COCO_val2014_000000086439.bin, 2, 1
COCO_val2014_000000075006.bin, 2, 1
COCO_val2014_000000044312.bin, 2, 1
COCO_val2014_000000112022.bin, 2, 1
COCO_val2014_000000156497.bin, 2, 1
COCO_val2014_000000045105.bin, 2, 1
COCO_val2014_000000180135.bin, 2, 1
COCO_val2014_000000469719.bin, 2, 1
COCO_val2014_000000012236.bin, 2, 1
COCO_val2014_000000133963.bin, 2, 1
COCO_val2014_000000386204.bin, 2, 1
COCO_val2014_000000261558.bin, 2, 1
COCO_val2014_000000153864.bin, 2, 1
COCO_val2014_000000411817.bin, 2, 1
COCO_val2014_000000189209.bin, 2, 1
COCO_val2014_000000562943.bin, 2, 1
COCO_val2014_000000562632.bin, 2, 1
COCO_val2014_000000064189.bin, 2, 1
COCO_val2014_000000565043.bin, 2, 1
COCO_val2014_000000004840.bin, 2, 1
COCO_val2014_000000038666.bin, 2, 1
COCO_val2014_000000077660.bin, 2, 1
COCO_val2014_000000320480.bin, 2, 1
COCO_val2014_000000413634.bin, 2, 1
COCO_val2014_000000384995.bin, 2, 1
COCO_val2014_000000071596.bin, 2, 1
COCO_val2014_000000095297.bin, 2, 1
COCO_val2014_000000196516.bin, 2, 1
COCO_val2014_000000361819.bin, 2, 1
COCO_val2014_000000293072.bin, 2, 1
COCO_val2014_000000521259.bin, 2, 1
COCO_val2014_000000168617.bin, 2, 1
COCO_val2014_000000361506.bin, 2, 1
COCO_val2014_000000542960.bin, 2, 1
COCO_val2014_000000521419.bin, 2, 1
COCO_val2014_000000059044.bin, 2, 1
COCO_val2014_000000149962.bin, 2, 1
COCO_val2014_000000335981.bin, 2, 1
COCO_val2014_000000154877.bin, 2, 1
COCO_val2014_000000410056.bin, 2, 1
COCO_val2014_000000247216.bin, 2, 1
COCO_val2014_000000303210.bin, 2, 1
COCO_val2014_000000439773.bin, 2, 1
COCO_val2014_000000562485.bin, 2, 1
COCO_val2014_000000326128.bin, 2, 1
COCO_val2014_000000418471.bin, 2, 1
COCO_val2014_000000060080.bin, 2, 1
COCO_val2014_000000368367.bin, 2, 1
COCO_val2014_000000559185.bin, 2, 1
COCO_val2014_000000474039.bin, 2, 1
COCO_val2014_000000482742.bin, 2, 1
COCO_val2014_000000558510.bin, 2, 1
COCO_val2014_000000565248.bin, 2, 1
COCO_val2014_000000412899.bin, 2, 1
COCO_val2014_000000527704.bin, 2, 1
COCO_val2014_000000084460.bin, 2, 1
COCO_val2014_000000482735.bin, 2, 1
COCO_val2014_000000543644.bin, 2, 1
COCO_val2014_000000350444.bin, 2, 1
COCO_val2014_000000408364.bin, 2, 1
COCO_val2014_000000376667.bin, 2, 1
COCO_val2014_000000206833.bin, 2, 1
COCO_val2014_000000369442.bin, 2, 1
COCO_val2014_000000098927.bin, 2, 1
COCO_val2014_000000499095.bin, 2, 1
COCO_val2014_000000295478.bin, 2, 1
COCO_val2014_000000535933.bin, 2, 1
COCO_val2014_000000504790.bin, 2, 1
COCO_val2014_000000004736.bin, 2, 1
COCO_val2014_000000502240.bin, 2, 1
COCO_val2014_000000526021.bin, 2, 1
COCO_val2014_000000215627.bin, 2, 1
COCO_val2014_000000008532.bin, 2, 1
COCO_val2014_000000243882.bin, 2, 1
COCO_val2014_000000109992.bin, 2, 1
COCO_val2014_000000364113.bin, 2, 1
COCO_val2014_000000193405.bin, 2, 1
COCO_val2014_000000500514.bin, 2, 1
COCO_val2014_000000212817.bin, 2, 1
COCO_val2014_000000046872.bin, 2, 1
COCO_val2014_000000203539.bin, 2, 1
COCO_val2014_000000017972.bin, 2, 1
COCO_val2014_000000378657.bin, 2, 1
COCO_val2014_000000145750.bin, 2, 1
COCO_val2014_000000248395.bin, 2, 1
COCO_val2014_000000270677.bin, 2, 1
COCO_val2014_000000231281.bin, 2, 1
COCO_val2014_000000314515.bin, 2, 1
COCO_val2014_000000021604.bin, 2, 1
COCO_val2014_000000254368.bin, 2, 1
COCO_val2014_000000146315.bin, 2, 1
COCO_val2014_000000070480.bin, 2, 1
COCO_val2014_000000187001.bin, 2, 1
COCO_val2014_000000412437.bin, 2, 1
COCO_val2014_000000472067.bin, 2, 1
COCO_val2014_000000276263.bin, 2, 1
COCO_val2014_000000499646.bin, 2, 1
COCO_val2014_000000351577.bin, 2, 1
COCO_val2014_000000489764.bin, 2, 1
COCO_val2014_000000147577.bin, 2, 1
COCO_val2014_000000490051.bin, 2, 1
COCO_val2014_000000165986.bin, 2, 1
COCO_val2014_000000142324.bin, 2, 1
COCO_val2014_000000563281.bin, 2, 1
COCO_val2014_000000036911.bin, 2, 1
COCO_val2014_000000459032.bin, 2, 1
COCO_val2014_000000355777.bin, 2, 1
COCO_val2014_000000485943.bin, 2, 1
COCO_val2014_000000437331.bin, 2, 1
COCO_val2014_000000365685.bin, 2, 1
COCO_val2014_000000295574.bin, 2, 1
COCO_val2014_000000146831.bin, 2, 1
COCO_val2014_000000282658.bin, 2, 1
COCO_val2014_000000491242.bin, 2, 1
COCO_val2014_000000379108.bin, 2, 1
COCO_val2014_000000541108.bin, 2, 1
COCO_val2014_000000090884.bin, 2, 1
COCO_val2014_000000531350.bin, 2, 1
COCO_val2014_000000308115.bin, 2, 1
COCO_val2014_000000197369.bin, 2, 1
COCO_val2014_000000163139.bin, 2, 1
COCO_val2014_000000043625.bin, 2, 1
COCO_val2014_000000569862.bin, 2, 1
COCO_val2014_000000544471.bin, 2, 1
COCO_val2014_000000208494.bin, 2, 1
COCO_val2014_000000301581.bin, 2, 1
COCO_val2014_000000514860.bin, 2, 1
COCO_val2014_000000197219.bin, 2, 1
COCO_val2014_000000408039.bin, 2, 1
COCO_val2014_000000460289.bin, 2, 1
COCO_val2014_000000017003.bin, 2, 1
COCO_val2014_000000232887.bin, 2, 1
COCO_val2014_000000067969.bin, 2, 1
COCO_val2014_000000135478.bin, 2, 1
COCO_val2014_000000259597.bin, 2, 1
COCO_val2014_000000388439.bin, 2, 1
COCO_val2014_000000209530.bin, 2, 1
COCO_val2014_000000376416.bin, 2, 1
COCO_val2014_000000362563.bin, 2, 1
COCO_val2014_000000102439.bin, 2, 1
COCO_val2014_000000120099.bin, 2, 1
COCO_val2014_000000199122.bin, 2, 1
COCO_val2014_000000302882.bin, 2, 1
COCO_val2014_000000420775.bin, 2, 1
COCO_val2014_000000286719.bin, 2, 1
COCO_val2014_000000552221.bin, 2, 1
COCO_val2014_000000310545.bin, 2, 1
COCO_val2014_000000551654.bin, 2, 1
COCO_val2014_000000144003.bin, 2, 1
COCO_val2014_000000518133.bin, 2, 1
COCO_val2014_000000072656.bin, 2, 1
COCO_val2014_000000094513.bin, 2, 1
COCO_val2014_000000492524.bin, 2, 1
COCO_val2014_000000281259.bin, 2, 1
COCO_val2014_000000462565.bin, 2, 1
COCO_val2014_000000139248.bin, 2, 1
COCO_val2014_000000477919.bin, 2, 1
COCO_val2014_000000223857.bin, 2, 1
COCO_val2014_000000566757.bin, 2, 1
COCO_val2014_000000202228.bin, 2, 1
COCO_val2014_000000244462.bin, 2, 1
COCO_val2014_000000264855.bin, 2, 1
COCO_val2014_000000130225.bin, 2, 1
COCO_val2014_000000077891.bin, 2, 1
COCO_val2014_000000159440.bin, 2, 1
COCO_val2014_000000355325.bin, 2, 1
COCO_val2014_000000499810.bin, 2, 1
COCO_val2014_000000233711.bin, 2, 1
COCO_val2014_000000054796.bin, 2, 1
COCO_val2014_000000378948.bin, 2, 1
COCO_val2014_000000485155.bin, 2, 1
COCO_val2014_000000012741.bin, 2, 1
COCO_val2014_000000475182.bin, 2, 1
COCO_val2014_000000132132.bin, 2, 1
COCO_val2014_000000358399.bin, 2, 1
COCO_val2014_000000567276.bin, 2, 1
COCO_val2014_000000474608.bin, 2, 1
COCO_val2014_000000213809.bin, 2, 1
COCO_val2014_000000451324.bin, 2, 1
COCO_val2014_000000388215.bin, 2, 1
COCO_val2014_000000334928.bin, 2, 1
COCO_val2014_000000199883.bin, 2, 1
COCO_val2014_000000174072.bin, 2, 1
COCO_val2014_000000334767.bin, 2, 1
COCO_val2014_000000219434.bin, 2, 1
COCO_val2014_000000445417.bin, 2, 1
COCO_val2014_000000323288.bin, 2, 1
COCO_val2014_000000536158.bin, 2, 1
COCO_val2014_000000186125.bin, 2, 1
COCO_val2014_000000427783.bin, 2, 1
COCO_val2014_000000187194.bin, 2, 1
COCO_val2014_000000229286.bin, 2, 1
COCO_val2014_000000336427.bin, 2, 1
COCO_val2014_000000123125.bin, 2, 1
COCO_val2014_000000559842.bin, 2, 1
COCO_val2014_000000112362.bin, 2, 1
COCO_val2014_000000436795.bin, 2, 1
COCO_val2014_000000497106.bin, 2, 1
COCO_val2014_000000083766.bin, 2, 1
COCO_val2014_000000104002.bin, 2, 0
COCO_val2014_000000012323.bin, 2, 0
COCO_val2014_000000202298.bin, 2, 0
COCO_val2014_000000488785.bin, 2, 0
COCO_val2014_000000512248.bin, 2, 0
COCO_val2014_000000024996.bin, 2, 0
COCO_val2014_000000564940.bin, 2, 0
COCO_val2014_000000445372.bin, 2, 0
COCO_val2014_000000376046.bin, 2, 0
COCO_val2014_000000368905.bin, 2, 0
COCO_val2014_000000324937.bin, 2, 0
COCO_val2014_000000445038.bin, 2, 0
COCO_val2014_000000415967.bin, 2, 0
COCO_val2014_000000306229.bin, 2, 0
COCO_val2014_000000246650.bin, 2, 0
COCO_val2014_000000012319.bin, 2, 0
COCO_val2014_000000018893.bin, 2, 0
COCO_val2014_000000226631.bin, 2, 0
COCO_val2014_000000566314.bin, 2, 0
COCO_val2014_000000118378.bin, 2, 0
COCO_val2014_000000409052.bin, 2, 0
COCO_val2014_000000102466.bin, 2, 0
COCO_val2014_000000322959.bin, 2, 0
COCO_val2014_000000218637.bin, 2, 0
COCO_val2014_000000301506.bin, 2, 0
COCO_val2014_000000523195.bin, 2, 0
COCO_val2014_000000253810.bin, 2, 0
COCO_val2014_000000578522.bin, 2, 0
COCO_val2014_000000054627.bin, 2, 0
COCO_val2014_000000417085.bin, 2, 0
COCO_val2014_000000301102.bin, 2, 0
COCO_val2014_000000326564.bin, 2, 0
COCO_val2014_000000456611.bin, 2, 0
COCO_val2014_000000362482.bin, 2, 0
COCO_val2014_000000167802.bin, 2, 0
COCO_val2014_000000116362.bin, 2, 0
COCO_val2014_000000491071.bin, 2, 0
COCO_val2014_000000322620.bin, 2, 0
COCO_val2014_000000053434.bin, 2, 0
COCO_val2014_000000044718.bin, 2, 0
COCO_val2014_000000246931.bin, 2, 0
COCO_val2014_000000247838.bin, 2, 0
COCO_val2014_000000168619.bin, 2, 0
COCO_val2014_000000016180.bin, 2, 0
COCO_val2014_000000546556.bin, 2, 0
COCO_val2014_000000332775.bin, 2, 0
COCO_val2014_000000153568.bin, 2, 0
COCO_val2014_000000540962.bin, 2, 0
COCO_val2014_000000437789.bin, 2, 0
COCO_val2014_000000334140.bin, 2, 0
COCO_val2014_000000561889.bin, 2, 0
COCO_val2014_000000169250.bin, 2, 0
COCO_val2014_000000579453.bin, 2, 0
COCO_val2014_000000056633.bin, 2, 0
COCO_val2014_000000498120.bin, 2, 0
COCO_val2014_000000043614.bin, 2, 0
COCO_val2014_000000274657.bin, 2, 0
COCO_val2014_000000528977.bin, 2, 0
COCO_val2014_000000002212.bin, 2, 0
COCO_val2014_000000244633.bin, 2, 0
COCO_val2014_000000074013.bin, 2, 0
COCO_val2014_000000206541.bin, 2, 0
COCO_val2014_000000318238.bin, 2, 0
COCO_val2014_000000385174.bin, 2, 0
COCO_val2014_000000359086.bin, 2, 0
COCO_val2014_000000253825.bin, 2, 0
COCO_val2014_000000345881.bin, 2, 0
COCO_val2014_000000389340.bin, 2, 0
COCO_val2014_000000271240.bin, 2, 0
COCO_val2014_000000179869.bin, 2, 0
COCO_val2014_000000502910.bin, 2, 0
COCO_val2014_000000490725.bin, 2, 0
COCO_val2014_000000020906.bin, 2, 0
COCO_val2014_000000066360.bin, 2, 0
COCO_val2014_000000415408.bin, 2, 0
COCO_val2014_000000402869.bin, 2, 0
COCO_val2014_000000471226.bin, 2, 0
COCO_val2014_000000175535.bin, 2, 0
COCO_val2014_000000566644.bin, 2, 0
COCO_val2014_000000214241.bin, 2, 0
COCO_val2014_000000539975.bin, 2, 0
COCO_val2014_000000525208.bin, 2, 0
COCO_val2014_000000283054.bin, 2, 0
COCO_val2014_000000561004.bin, 2, 0
COCO_val2014_000000129786.bin, 2, 0
COCO_val2014_000000393836.bin, 2, 0
COCO_val2014_000000130508.bin, 2, 0
COCO_val2014_000000526132.bin, 2, 0
COCO_val2014_000000070619.bin, 2, 0
COCO_val2014_000000015070.bin, 2, 0
COCO_val2014_000000327225.bin, 2, 0
COCO_val2014_000000065969.bin, 2, 0
COCO_val2014_000000214832.bin, 2, 0
COCO_val2014_000000488942.bin, 2, 0
COCO_val2014_000000541887.bin, 2, 0
COCO_val2014_000000060340.bin, 2, 0
COCO_val2014_000000497348.bin, 2, 0
COCO_val2014_000000527504.bin, 2, 0
COCO_val2014_000000271897.bin, 2, 0
COCO_val2014_000000062025.bin, 2, 0
COCO_val2014_000000122927.bin, 2, 0
COCO_val2014_000000026765.bin, 2, 0
COCO_val2014_000000421745.bin, 2, 0
COCO_val2014_000000005724.bin, 2, 0
COCO_val2014_000000273859.bin, 2, 0
COCO_val2014_000000575822.bin, 2, 0
COCO_val2014_000000572733.bin, 2, 0
COCO_val2014_000000557823.bin, 2, 0
COCO_val2014_000000510117.bin, 2, 0
COCO_val2014_000000038685.bin, 2, 0
COCO_val2014_000000538451.bin, 2, 0
COCO_val2014_000000571518.bin, 2, 0
COCO_val2014_000000562197.bin, 2, 0
COCO_val2014_000000124594.bin, 2, 0
COCO_val2014_000000069138.bin, 2, 0
COCO_val2014_000000493161.bin, 2, 0
COCO_val2014_000000322475.bin, 2, 0
COCO_val2014_000000342476.bin, 2, 0
COCO_val2014_000000524361.bin, 2, 0
COCO_val2014_000000206958.bin, 2, 0
COCO_val2014_000000134691.bin, 2, 0
COCO_val2014_000000388528.bin, 2, 0
COCO_val2014_000000187235.bin, 2, 0
COCO_val2014_000000523529.bin, 2, 0
COCO_val2014_000000318124.bin, 2, 0
COCO_val2014_000000230449.bin, 2, 0
COCO_val2014_000000384827.bin, 2, 0
COCO_val2014_000000475529.bin, 2, 0
COCO_val2014_000000077811.bin, 2, 0
COCO_val2014_000000383607.bin, 2, 0
COCO_val2014_000000300034.bin, 2, 0
COCO_val2014_000000216083.bin, 2, 0
COCO_val2014_000000071850.bin, 2, 0
COCO_val2014_000000101022.bin, 2, 0
COCO_val2014_000000032597.bin, 2, 0
COCO_val2014_000000439630.bin, 2, 0
COCO_val2014_000000127626.bin, 2, 0
COCO_val2014_000000009050.bin, 2, 0
COCO_val2014_000000405970.bin, 2, 0
COCO_val2014_000000095805.bin, 2, 0
COCO_val2014_000000272241.bin, 2, 0
COCO_val2014_000000518365.bin, 2, 0
COCO_val2014_000000559614.bin, 2, 0
COCO_val2014_000000270351.bin, 2, 0
COCO_val2014_000000573406.bin, 2, 0
COCO_val2014_000000409181.bin, 2, 0
COCO_val2014_000000477118.bin, 2, 0
COCO_val2014_000000581501.bin, 2, 0
COCO_val2014_000000444722.bin, 2, 0
COCO_val2014_000000317798.bin, 2, 0
COCO_val2014_000000422253.bin, 2, 0
COCO_val2014_000000400178.bin, 2, 0
COCO_val2014_000000352549.bin, 2, 0
COCO_val2014_000000421069.bin, 2, 0
COCO_val2014_000000146659.bin, 2, 0
COCO_val2014_000000007214.bin, 2, 0
COCO_val2014_000000211560.bin, 2, 0
COCO_val2014_000000569565.bin, 2, 0
COCO_val2014_000000327590.bin, 2, 0
COCO_val2014_000000089109.bin, 2, 0
COCO_val2014_000000015180.bin, 2, 0
COCO_val2014_000000492025.bin, 2, 0
COCO_val2014_000000420472.bin, 2, 0
COCO_val2014_000000311759.bin, 2, 0
COCO_val2014_000000418606.bin, 2, 0
COCO_val2014_000000438024.bin, 2, 0
COCO_val2014_000000356968.bin, 2, 0
COCO_val2014_000000029430.bin, 2, 0
COCO_val2014_000000373904.bin, 2, 0
COCO_val2014_000000109826.bin, 2, 0
COCO_val2014_000000113630.bin, 2, 0
COCO_val2014_000000158952.bin, 2, 0
COCO_val2014_000000187513.bin, 2, 0
COCO_val2014_000000339266.bin, 2, 0
COCO_val2014_000000346702.bin, 2, 0
COCO_val2014_000000472821.bin, 2, 0
COCO_val2014_000000344621.bin, 2, 0
COCO_val2014_000000319142.bin, 2, 0
COCO_val2014_000000204288.bin, 2, 0
COCO_val2014_000000004936.bin, 2, 0
COCO_val2014_000000519522.bin, 2, 0
COCO_val2014_000000164420.bin, 2, 0
COCO_val2014_000000218716.bin, 2, 0
COCO_val2014_000000166056.bin, 2, 0
COCO_val2014_000000011169.bin, 2, 0
COCO_val2014_000000244019.bin, 2, 0
COCO_val2014_000000217923.bin, 2, 0
COCO_val2014_000000174457.bin, 2, 0
COCO_val2014_000000072632.bin, 2, 0
COCO_val2014_000000046345.bin, 2, 0
COCO_val2014_000000565273.bin, 2, 0
COCO_val2014_000000154202.bin, 2, 0
COCO_val2014_000000181488.bin, 2, 0
COCO_val2014_000000085926.bin, 2, 0
COCO_val2014_000000241602.bin, 2, 0
COCO_val2014_000000076588.bin, 2, 0
COCO_val2014_000000254045.bin, 2, 0
COCO_val2014_000000162827.bin, 2, 0
COCO_val2014_000000242909.bin, 2, 0
COCO_val2014_000000313603.bin, 2, 0
COCO_val2014_000000049676.bin, 2, 0
COCO_val2014_000000402788.bin, 2, 0
COCO_val2014_000000026730.bin, 2, 0
COCO_val2014_000000427055.bin, 2, 0
COCO_val2014_000000298627.bin, 2, 0
COCO_val2014_000000381709.bin, 2, 0
COCO_val2014_000000146276.bin, 2, 0
COCO_val2014_000000325598.bin, 2, 0
COCO_val2014_000000532773.bin, 2, 0
COCO_val2014_000000224862.bin, 2, 0
COCO_val2014_000000509270.bin, 2, 0
COCO_val2014_000000504891.bin, 2, 0
COCO_val2014_000000225532.bin, 2, 0
COCO_val2014_000000281221.bin, 2, 0
COCO_val2014_000000036124.bin, 2, 0
COCO_val2014_000000535050.bin, 2, 0
COCO_val2014_000000526342.bin, 2, 0
COCO_val2014_000000153288.bin, 2, 0
COCO_val2014_000000503252.bin, 2, 0
COCO_val2014_000000423336.bin, 2, 0
COCO_val2014_000000318683.bin, 2, 0
COCO_val2014_000000213338.bin, 2, 0
COCO_val2014_000000230056.bin, 2, 0
COCO_val2014_000000049633.bin, 2, 0
COCO_val2014_000000140017.bin, 2, 0
COCO_val2014_000000228290.bin, 2, 0
COCO_val2014_000000314370.bin, 2, 0
COCO_val2014_000000517548.bin, 2, 0
COCO_val2014_000000477143.bin, 2, 0
COCO_val2014_000000532527.bin, 2, 0
COCO_val2014_000000579134.bin, 2, 0
COCO_val2014_000000292005.bin, 2, 0
COCO_val2014_000000225751.bin, 2, 0
COCO_val2014_000000251768.bin, 2, 0
COCO_val2014_000000177102.bin, 2, 0
COCO_val2014_000000159320.bin, 2, 0
COCO_val2014_000000378548.bin, 2, 0
COCO_val2014_000000161008.bin, 2, 0
COCO_val2014_000000403345.bin, 2, 0
COCO_val2014_000000292278.bin, 2, 0
COCO_val2014_000000292581.bin, 2, 0
COCO_val2014_000000521405.bin, 2, 0
COCO_val2014_000000543192.bin, 2, 0
COCO_val2014_000000153445.bin, 2, 0
COCO_val2014_000000553678.bin, 2, 0
COCO_val2014_000000451449.bin, 2, 0
COCO_val2014_000000487236.bin, 2, 0
COCO_val2014_000000138550.bin, 2, 0
COCO_val2014_000000035767.bin, 2, 0
COCO_val2014_000000159537.bin, 2, 0
COCO_val2014_000000122954.bin, 2, 0
COCO_val2014_000000211618.bin, 2, 0
COCO_val2014_000000481425.bin, 2, 0
COCO_val2014_000000418175.bin, 2, 0
COCO_val2014_000000026501.bin, 2, 0
COCO_val2014_000000389753.bin, 2, 0
COCO_val2014_000000547003.bin, 2, 0
COCO_val2014_000000379441.bin, 2, 0
COCO_val2014_000000089603.bin, 2, 0
COCO_val2014_000000333808.bin, 2, 0
COCO_val2014_000000534845.bin, 2, 0
COCO_val2014_000000245153.bin, 2, 0
COCO_val2014_000000405972.bin, 2, 0
COCO_val2014_000000048905.bin, 2, 0
COCO_val2014_000000389445.bin, 2, 0
COCO_val2014_000000400347.bin, 2, 0
COCO_val2014_000000441686.bin, 2, 0
COCO_val2014_000000060213.bin, 2, 0
COCO_val2014_000000202748.bin, 2, 0
COCO_val2014_000000108669.bin, 2, 0
COCO_val2014_000000164515.bin, 2, 0
COCO_val2014_000000497388.bin, 2, 0
COCO_val2014_000000254976.bin, 2, 0
COCO_val2014_000000131131.bin, 2, 0
COCO_val2014_000000041276.bin, 2, 0
COCO_val2014_000000427639.bin, 2, 0
COCO_val2014_000000147879.bin, 2, 0
COCO_val2014_000000128842.bin, 2, 0
COCO_val2014_000000289337.bin, 2, 0
COCO_val2014_000000362831.bin, 2, 0
COCO_val2014_000000037705.bin, 2, 0
COCO_val2014_000000403482.bin, 2, 0
COCO_val2014_000000305472.bin, 2, 0
COCO_val2014_000000016848.bin, 2, 0
COCO_val2014_000000089391.bin, 2, 0
COCO_val2014_000000138768.bin, 2, 0
COCO_val2014_000000304556.bin, 2, 0
COCO_val2014_000000057124.bin, 2, 0
COCO_val2014_000000426948.bin, 2, 0
COCO_val2014_000000562879.bin, 2, 0
COCO_val2014_000000052462.bin, 2, 0
COCO_val2014_000000458119.bin, 2, 0
COCO_val2014_000000494386.bin, 2, 0
COCO_val2014_000000546962.bin, 2, 0
COCO_val2014_000000410252.bin, 2, 0
COCO_val2014_000000400922.bin, 2, 0
COCO_val2014_000000417159.bin, 2, 0
COCO_val2014_000000283441.bin, 2, 0
COCO_val2014_000000035899.bin, 2, 0
COCO_val2014_000000103358.bin, 2, 0
COCO_val2014_000000146465.bin, 2, 0
COCO_val2014_000000568131.bin, 2, 0
COCO_val2014_000000008603.bin, 2, 0
COCO_val2014_000000461477.bin, 2, 0
COCO_val2014_000000547760.bin, 2, 0
COCO_val2014_000000069536.bin, 2, 0
COCO_val2014_000000078820.bin, 2, 0
COCO_val2014_000000043673.bin, 2, 0
COCO_val2014_000000458467.bin, 2, 0
COCO_val2014_000000202944.bin, 2, 0
COCO_val2014_000000355851.bin, 2, 0
COCO_val2014_000000437393.bin, 2, 0
COCO_val2014_000000380906.bin, 2, 0
COCO_val2014_000000430052.bin, 2, 0
COCO_val2014_000000493206.bin, 2, 0
COCO_val2014_000000083246.bin, 2, 0
COCO_val2014_000000421811.bin, 2, 0
COCO_val2014_000000076513.bin, 2, 0
COCO_val2014_000000236945.bin, 2, 0
COCO_val2014_000000437931.bin, 2, 0
COCO_val2014_000000054264.bin, 2, 0
COCO_val2014_000000323186.bin, 2, 0
COCO_val2014_000000158494.bin, 2, 0
COCO_val2014_000000114173.bin, 2, 0
COCO_val2014_000000498228.bin, 2, 0
COCO_val2014_000000295134.bin, 2, 0
COCO_val2014_000000140636.bin, 2, 0
COCO_val2014_000000365540.bin, 2, 0
COCO_val2014_000000002972.bin, 2, 0
COCO_val2014_000000136681.bin, 2, 0
COCO_val2014_000000066960.bin, 2, 0
COCO_val2014_000000283131.bin, 2, 0
COCO_val2014_000000546095.bin, 2, 0
COCO_val2014_000000221095.bin, 2, 0
COCO_val2014_000000377879.bin, 2, 0
COCO_val2014_000000209539.bin, 2, 0
COCO_val2014_000000230987.bin, 2, 0
COCO_val2014_000000085721.bin, 2, 0
COCO_val2014_000000489358.bin, 2, 0
COCO_val2014_000000386704.bin, 2, 0
COCO_val2014_000000026445.bin, 2, 0
COCO_val2014_000000172977.bin, 2, 0
COCO_val2014_000000298697.bin, 2, 0
COCO_val2014_000000354061.bin, 2, 0
COCO_val2014_000000158160.bin, 2, 0
COCO_val2014_000000174511.bin, 2, 0
COCO_val2014_000000387148.bin, 2, 0
COCO_val2014_000000335515.bin, 2, 0
COCO_val2014_000000299409.bin, 2, 0
COCO_val2014_000000492911.bin, 2, 0
COCO_val2014_000000373440.bin, 2, 0
COCO_val2014_000000458177.bin, 2, 0
COCO_val2014_000000159311.bin, 2, 0
COCO_val2014_000000563816.bin, 2, 0
COCO_val2014_000000067832.bin, 2, 0
COCO_val2014_000000150812.bin, 2, 0
COCO_val2014_000000202587.bin, 2, 0
COCO_val2014_000000158708.bin, 2, 0
COCO_val2014_000000389056.bin, 2, 0
COCO_val2014_000000266115.bin, 2, 0
COCO_val2014_000000326911.bin, 2, 0
COCO_val2014_000000272925.bin, 2, 0
COCO_val2014_000000136920.bin, 2, 0
COCO_val2014_000000503294.bin, 2, 0
COCO_val2014_000000373655.bin, 2, 0
COCO_val2014_000000227164.bin, 2, 0
COCO_val2014_000000476810.bin, 2, 0
COCO_val2014_000000276969.bin, 2, 0
COCO_val2014_000000345930.bin, 2, 0
COCO_val2014_000000155974.bin, 2, 0
COCO_val2014_000000535579.bin, 2, 0
COCO_val2014_000000366141.bin, 2, 0
COCO_val2014_000000268375.bin, 2, 0
COCO_val2014_000000057107.bin, 2, 0
COCO_val2014_000000214919.bin, 2, 0
COCO_val2014_000000152649.bin, 2, 0
COCO_val2014_000000300437.bin, 2, 0
COCO_val2014_000000050277.bin, 2, 0
COCO_val2014_000000037470.bin, 2, 0
COCO_val2014_000000238090.bin, 2, 0
COCO_val2014_000000547102.bin, 2, 0
COCO_val2014_000000428125.bin, 2, 0
COCO_val2014_000000082229.bin, 2, 0
COCO_val2014_000000168455.bin, 2, 0
COCO_val2014_000000529105.bin, 2, 0
COCO_val2014_000000142826.bin, 2, 0
COCO_val2014_000000066567.bin, 2, 0
COCO_val2014_000000469577.bin, 2, 0
COCO_val2014_000000572388.bin, 2, 0
COCO_val2014_000000215808.bin, 2, 0
COCO_val2014_000000220526.bin, 2, 0
COCO_val2014_000000224793.bin, 2, 0
COCO_val2014_000000580757.bin, 2, 0
COCO_val2014_000000530624.bin, 2, 0
COCO_val2014_000000570528.bin, 2, 0
COCO_val2014_000000407970.bin, 2, 0
COCO_val2014_000000342142.bin, 2, 0
COCO_val2014_000000216677.bin, 2, 0
COCO_val2014_000000241350.bin, 2, 0
COCO_val2014_000000118579.bin, 2, 0
COCO_val2014_000000201993.bin, 2, 0
COCO_val2014_000000007107.bin, 2, 0
COCO_val2014_000000513968.bin, 2, 0
COCO_val2014_000000448600.bin, 2, 0
COCO_val2014_000000331096.bin, 2, 0
COCO_val2014_000000391588.bin, 2, 0
COCO_val2014_000000188084.bin, 2, 0
COCO_val2014_000000073118.bin, 2, 0
COCO_val2014_000000428847.bin, 2, 0
COCO_val2014_000000213799.bin, 2, 0
COCO_val2014_000000518899.bin, 2, 0
COCO_val2014_000000239082.bin, 2, 0
COCO_val2014_000000571504.bin, 2, 0
COCO_val2014_000000231527.bin, 2, 0
COCO_val2014_000000459396.bin, 2, 0
COCO_val2014_000000315257.bin, 2, 0
COCO_val2014_000000411866.bin, 2, 0
COCO_val2014_000000496102.bin, 2, 0
COCO_val2014_000000268838.bin, 2, 0
COCO_val2014_000000259422.bin, 2, 0
COCO_val2014_000000062554.bin, 2, 0
COCO_val2014_000000332489.bin, 2, 0
COCO_val2014_000000537861.bin, 2, 0
COCO_val2014_000000016928.bin, 2, 0
COCO_val2014_000000435047.bin, 2, 0
COCO_val2014_000000237316.bin, 2, 0
COCO_val2014_000000503412.bin, 2, 0
COCO_val2014_000000567898.bin, 2, 0
COCO_val2014_000000468935.bin, 2, 0
COCO_val2014_000000571944.bin, 2, 0
COCO_val2014_000000309366.bin, 2, 0
COCO_val2014_000000178671.bin, 2, 0
COCO_val2014_000000141518.bin, 2, 0
COCO_val2014_000000000775.bin, 2, 0
COCO_val2014_000000349868.bin, 2, 0
COCO_val2014_000000294783.bin, 2, 0
COCO_val2014_000000253693.bin, 2, 0
COCO_val2014_000000107020.bin, 2, 0
COCO_val2014_000000449338.bin, 2, 0
COCO_val2014_000000491757.bin, 2, 0
COCO_val2014_000000531414.bin, 2, 0
COCO_val2014_000000348186.bin, 2, 0
COCO_val2014_000000057359.bin, 2, 0
COCO_val2014_000000514600.bin, 2, 0
COCO_val2014_000000329946.bin, 2, 0
COCO_val2014_000000086650.bin, 2, 0
COCO_val2014_000000313398.bin, 2, 0
COCO_val2014_000000069698.bin, 2, 0
COCO_val2014_000000442323.bin, 2, 0
COCO_val2014_000000192894.bin, 2, 0
COCO_val2014_000000383420.bin, 2, 0
COCO_val2014_000000494800.bin, 2, 0
COCO_val2014_000000343076.bin, 2, 0
COCO_val2014_000000180878.bin, 2, 0
COCO_val2014_000000447789.bin, 2, 0
COCO_val2014_000000164830.bin, 2, 0
COCO_val2014_000000112517.bin, 2, 0
COCO_val2014_000000283028.bin, 2, 0
COCO_val2014_000000580363.bin, 2, 0
COCO_val2014_000000575970.bin, 2, 0
COCO_val2014_000000056443.bin, 2, 0
COCO_val2014_000000568863.bin, 2, 0
COCO_val2014_000000446861.bin, 2, 0
COCO_val2014_000000432176.bin, 2, 0
COCO_val2014_000000100283.bin, 2, 0
COCO_val2014_000000043266.bin, 2, 0
COCO_val2014_000000288882.bin, 2, 0
COCO_val2014_000000493566.bin, 2, 0
COCO_val2014_000000323729.bin, 2, 0
COCO_val2014_000000066427.bin, 2, 0
COCO_val2014_000000200583.bin, 2, 0
COCO_val2014_000000297726.bin, 2, 0
COCO_val2014_000000409099.bin, 2, 0
COCO_val2014_000000447342.bin, 2, 0
COCO_val2014_000000181601.bin, 2, 0
COCO_val2014_000000108088.bin, 2, 0
COCO_val2014_000000425672.bin, 2, 0
COCO_val2014_000000451150.bin, 2, 0
COCO_val2014_000000330405.bin, 2, 0
COCO_val2014_000000293545.bin, 2, 0
COCO_val2014_000000255135.bin, 2, 0
COCO_val2014_000000532989.bin, 2, 0
COCO_val2014_000000255272.bin, 2, 0
COCO_val2014_000000401157.bin, 2, 0
COCO_val2014_000000307265.bin, 2, 0
COCO_val2014_000000472415.bin, 2, 0
COCO_val2014_000000530777.bin, 2, 0
COCO_val2014_000000460494.bin, 2, 0
COCO_val2014_000000410437.bin, 2, 0
COCO_val2014_000000154000.bin, 2, 0
COCO_val2014_000000177575.bin, 2, 0
COCO_val2014_000000313789.bin, 2, 0
COCO_val2014_000000299044.bin, 2, 0
COCO_val2014_000000277831.bin, 2, 0
COCO_val2014_000000264330.bin, 2, 0
COCO_val2014_000000205190.bin, 2, 0
COCO_val2014_000000544644.bin, 2, 0
COCO_val2014_000000066635.bin, 2, 0
COCO_val2014_000000221869.bin, 2, 0
COCO_val2014_000000255448.bin, 2, 0
